Singular,Plural,Gloss,Sing-Pattern,Plur-Pattern,Plural-type,suffix,prefix
kliyyan,kliyyana,client,CCVCCVC,CCVCCVCV,broken,,
buʕd,ʔabʕad,dimension,CVCC,CVCCVC,broken,,
Dawr,ʔaDwar,role,CVCC,CVCCVC,broken,,
film,ʔaflam,film,CVCC,CVCCVC,broken,,
ħaʒm,ʔaħʒam,volume,CVCC,CVCCVC,broken,,
ħizb,ʔaħzab,party,CVCC,CVCCVC,broken,,
ħukm,ʔaħkam,sentence,CVCC,CVCCVC,broken,,
qism,ʔaqsam,class,CVCC,CVCCVC,broken,,
raqm,ʔarqam,figure,CVCC,CVCCVC,broken,,
sahm,ʔashum,shares,CVCC,CVCCVC,broken,,
ʃiʕr,ʔaʃʕar,poetry,CVCC,CVCCVC,broken,,
ʒins,ʔaʒnas,sex,CVCC,CVCCVC,broken,,
ʒism,ʔaʒsam,body,CVCC,CVCCVC,broken,,
ʕodr,ʔaʕdar,excuse,CVCC,CVCCVC,broken,,
ʕoDw,ʔaʕDaʔ,member,CVCC,CVCCVC,broken,,
ʕumq,ʔaʕmaq,depth,CVCC,CVCCVC,broken,,
fikra,ʔafkar,idea,CVCCV,CVCCVC,broken,,
baTal,ʔabTal,hero,CVCVC,CVCCVC,broken,,
DabiT,DubbaT,officer,CVCVC,CVCCVC,broken,,
hadaf,ʔahdaf,goal,CVCVC,CVCCVC,broken,,
ħakam,ħukkam,referee,CVCVC,CVCCVC,broken,,
laqab,ʔalqab,title,CVCVC,CVCCVC,broken,,
marad,ʔamrad,disease,CVCVC,CVCCVC,broken,,
qamar,ʔaqmar,moon,CVCVC,CVCCVC,broken,,
qariʔ,qurraʔ,reader,CVCVC,CVCCVC,broken,,
ʁaraD,ʔaʁraD,aim,CVCVC,CVCCVC,broken,,
sabab,ʔasbab,reason,CVCVC,CVCCVC,broken,,
saʔiħ,suyyaħ,tourist,CVCVC,CVCCVC,broken,,
xaTar,ʔaxTar,danger,CVCVC,CVCCVC,broken,,
xaTaʔ,ʔaxTaʔ,error,CVCVC,CVCCVC,broken,,
ʒasad,ʔaʒsad,body,CVCVC,CVCCVC,broken,,
ʔax,ʔixwan,brother,CVC,CVCCVC,broken,,
qayəd,quyyad,major,CVCəC,CVCCVC,broken,,
katəb,kuttab,writer,CVCVC,CVCCVC,broken,,
zbəl,ʔazbal,waste,CCəC,CVCCVC,broken,,
fərD,ʔafrad,individual,CəCC,CVCCVC,broken,,
mərD,ʔamraD,disease,CəCC,CVCCVC,broken,,
ʃəxS,ʔaʃxaS,person,CəCC,CVCCVC,broken,,
wəSf,ʔawSaf,description,CəCC,CVCCVC,broken,,
din,ʔadyan,religion,CVC,CVCCVC,broken,,
nuʕ,ʔanwaʕ,type,CVC,CVCCVC,broken,,
ʒil,ʔaʒyal,generation,CVC,CVCCVC,broken,,
ħala,ʔaħwal,status,CVCV,CVCCVC,broken,,
mital,ʔamtila,example,CVCVC,CVCCVCV,broken,a,
niDam,ʔanDima,system,CVCVC,CVCCVCV,broken,a,
taman,ʔatmina,price,CVCVC,CVCCVCV,broken,a,
ʒawab,ʔaʒwiba,answer,CVCVC,CVCCVCV,broken,a,
dmaʁ,ʔadmiʁa,brain,CCVC,CVCCVCV,broken,a,
slaħ,ʔasliħa,weapon,CCVC,CVCCVCV,broken,a,
siyyəd,sada,gentleman,CVCCəC,CVCV,broken,a,
faSl,fuSul,chapter,CVCC,CVCVC,broken,,
kasr,kosor,fraction,CVCC,CVCVC,broken,,
raSm,roSom,drawing,CVCC,CVCVC,broken,,
raʔy,ʔaraʔ,opinion,CVCC,CVCVC,broken,,
wafd,wufud,delegation,CVCC,CVCVC,broken,,
ʕilm,ʕulum,science,CVCC,CVCVC,broken,,
forSa,foraS,opportunity,CVCCV,CVCVC,broken,,
ħiSSa,ħiSaS,session,CVCCV,CVCVC,broken,,
kutla,kutal,mass,CVCCV,CVCVC,broken,,
luʕba,luʕab,game,CVCCV,CVCVC,broken,,
minħa,minaħ,scholarship,CVCCV,CVCVC,broken,,
nusxa,nusax,copy,CVCCV,CVCVC,broken,,
qiSSa,qiSaS,story,CVCCV,CVCVC,broken,,
roxSa,roxaS,licence,CVCCV,CVCVC,broken,,
SolTa,SolaT,authority,CVCCV,CVCVC,broken,,
xoTTa,xoTaT,plan,CVCCV,CVCVC,broken,,
ʒumla,ʒumal,phrase,CVCCV,CVCVC,broken,,
ʕoTla,ʕoTal,holiday,CVCCV,CVCVC,broken,,
ʔumma,ʔumam,nation,CVCCV,CVCVC,broken,,
malik,muluk,king,CVCVC,CVCVC,broken,,
ʔab,ʔabaʔ,father,CVC,CVCVC,broken,,
Tariqa,Turuq,method,CVCVCV,CVCVC,broken,,
ʒazira,ʒuzur,island,CVCVCV,CVCVC,broken,,
nsər,nusur,eagle,CCəC,CVCVC,broken,,
bəħt,buħut,research,CəCC,CVCVC,broken,,
Dərf,Duruf,circumstance,CəCC,CVCVC,broken,,
DərS,DuruS,course,CəCC,CVCVC,broken,,
DəʁT,DoʁoT,pressure,CəCC,CVCVC,broken,,
fəhd,fuhud,leopard,CəCC,CVCVC,broken,,
fəħS,foħoS,examination,CəCC,CVCVC,broken,,
fənn,funun,art,CəCC,CVCVC,broken,,
fərq,furuq,difference,CəCC,CVCVC,broken,,
ħəll,ħulul,solution,CəCC,CVCVC,broken,,
ħəqq,ħuquq,right,CəCC,CVCVC,broken,,
ħərb,ħurub,war,CəCC,CVCVC,broken,,
qərD,qoroD,loan,CəCC,CVCVC,broken,,
rəmz,rumuz,symbol,CəCC,CVCVC,broken,,
ʃəkk,ʃukuk,doubt,CəCC,CVCVC,broken,,
ʃərT,ʃoroT,clause,CəCC,CVCVC,broken,,
TəqS,TuquS,weather,CəCC,CVCVC,broken,,
ʕəqd,ʕuqud,contract,CəCC,CVCVC,broken,,
ʕərD,ʕoroD,display,CəCC,CVCVC,broken,,
dəwla,duwal,country,CəCCV,CVCVC,broken,,
qəlʕa,qilaʕ,castle,CəCCV,CVCVC,broken,,
rəsma,rusum,painting,CəCCV,CVCVC,broken,,
ʃabb,ʃabab,youngster,CVCC,CVCVC,broken,,
bar,biran,bar,CVC,CVCVC,broken,,
qaDi,quDat,judge,CVCV,CVCVC,broken,,
qima,qiyam,value,CVCV,CVCVC,broken,,
Sora,Sowar,picture,CVCV,CVCVC,broken,,
muhimma,mahamm,mission,CVCVCCV,CVCVCC,broken,,
madda,mawadd,subjects,CVCCV,CVCVCC,broken,,
dalil,ʔadilla,proof,CVCVC,CVCVCCV,broken,a,
ʔuʁniyya,ʔaʁani,song,CVCCVCCV,CVCVCV,broken,,
Daħiyya,Daħaya,victim,CVCVCCV,CVCVCV,broken,,
dubb,dibaba,bear,CVCC,CVCVCV,broken,a,
ʔard,ʔaradi,land,CVCC,CVCVCV,broken,,
faqir,fuqara,poor,CVCVC,CVCVCV,broken,,
raʔis,ruʔasa,president,CVCVC,CVCVCV,broken,,
safir,sufara,ambassador,CVCVC,CVCVCV,broken,,
ʃahid,ʃuhada,martyr,CVCVC,CVCVCV,broken,,
ʃaʕir,ʃuʕara,poet,CVCVC,CVCVCV,broken,,
Talib,Talaba,student,CVCVC,CVCVCV,broken,a,
wakil,wukala,prosecutor,CVCVC,CVCVCV,broken,,
wazir,wuzara,minister,CVCVC,CVCVCV,broken,,
taniya,tawani,second,CVCVCV,CVCVCV,broken,,
xaliya,xalaya,cell,CVCVCV,CVCVCV,broken,,
zawiya,zawaya,angle,CVCVCV,CVCVCV,broken,,
Dʕif,Duʕafa,weak,CCVC,CVCVCV,broken,,
məʕna,maʕani,sense,CəCCV,CVCVCV,broken,,
fil,fiyala,elephant,CVC,CVCVCV,broken,a,
nadi,nawadi,club,CVCV,CVCVCV,broken,,
mərʒiʕ,maraʒiʕ,reference,CəCCVC,CVCVCVC,broken,,
məwqiʕ,mawaqiʕ,location,CəCCVC,CVCVCVC,broken,,
məwʕid,mawaʕid,appointment,CəCCVC,CVCVCVC,broken,,
məʒlis,maʒalis,assembly,CəCCVC,CVCVCVC,broken,,
məʕriD,maʕariD,exhibition,CəCCVC,CVCVCVC,broken,,
mədbaħa,madabiħ,massacre,CəCCVCV,CVCVCVC,broken,,
mədrasa,madaris,school,CəCCVCV,CVCVCVC,broken,,
məħkama,maħakim,court,CəCCVCV,CVCVCVC,broken,,
mənTaqa,manaTiq,region,CəCCVCV,CVCVCVC,broken,,
mərħala,maraħil,stage,CəCCVCV,CVCVCVC,broken,,
məSlaħa,maSaliħ,interest,CəCCVCV,CVCVCVC,broken,,
məsʔala,masaʔil,issue,CəCCVCV,CVCVCVC,broken,,
məʒzara,maʒazir,massacre,CəCCVCV,CVCVCVC,broken,,
məʕraka,maʕarik,battle,CəCCVCV,CVCVCVC,broken,,
təʒriba,taʒarib,experience,CəCCVCV,CVCVCVC,broken,,
bərnamaʒ,baramiʒ,program,CəCCVCVC,CVCVCVC,broken,,
ʔamr,ʔawamir,command,CVCC,CVCVCVC,broken,,
borkan,barakin,volcano,CVCCVC,CVCVCVC,broken,,
mawqif,mawaqif,attitude,CVCCVC,CVCVCVC,broken,,
miqdar,maqadir,ingredients,CVCCVC,CVCVCVC,broken,,
miʕyar,maʕayir,standard,CVCCVC,CVCVCVC,broken,,
sinʒab,sanaʒib,squirrel,CVCCVC,CVCVCVC,broken,,
timsaħ,tamasiħ,crocodile,CVCCVC,CVCVCVC,broken,,
xuffaʃ,xafafiʃ,bat,CVCCVC,CVCVCVC,broken,,
ʔiħsas,ʔaħasis,feeling,CVCCVC,CVCVCVC,broken,,
ʕoSfor,ʕaSafir,bird,CVCCVC,CVCVCVC,broken,,
ʔuslub,ʔasalib,style,CVCCVC,CVCVCVC,broken,,
mawhiba,mawahib,talent,CVCCVCV,CVCVCVC,broken,,
maʕrifa,maʕarif,knowledge,CVCCVCV,CVCVCVC,broken,,
ʒumʒuma,ʒamaʒim,skull,CVCCVCV,CVCVCVC,broken,,
ʔarmala,ʔaramil,widow,CVCCVCV,CVCVCVC,broken,,
badil,badaʔil,alternative,CVCVC,CVCVCVC,broken,,
Damir,Damaʔir,conscience,CVCVC,CVCVCVC,broken,,
mudir,mudaraʔ,director,CVCVC,CVCVCVC,broken,,
qanat,qanawat,channel,CVCVC,CVCVCVC,broken,,
rabiT,rawabiT,link,CVCVC,CVCVCVC,broken,,
ʃariʕ,ʃawariʕ,avenue,CVCVC,CVCVCVC,broken,,
tarix,tawarix,history,CVCVC,CVCVCVC,broken,,
xabir,xubaraʔ,expert,CVCVC,CVCVCVC,broken,,
ʒanib,ʒawanib,aspect,CVCVC,CVCVCVC,broken,,
ʔadat,ʔadawat,instrument,CVCVC,CVCVCVC,broken,,
ʕalam,ʕawalim,world,CVCVC,CVCVCVC,broken,,
ʕamil,ʕawamil,factor,CVCVC,CVCVCVC,broken,,
ʔamir,ʔumaraʔ,prince,CVCVC,CVCVCVC,broken,,
baxira,bawaxir,ship,CVCVCV,CVCVCVC,broken,,
Dariba,Daraʔib,tax,CVCVCV,CVCVCVC,broken,,
faSila,fawaSil,comma,CVCVCV,CVCVCVC,broken,,
faSila,faSaʔil,species,CVCVCV,CVCVCVC,broken,,
faʔida,fawaʔid,interest,CVCVCV,CVCVCVC,broken,,
ħadita,ħawadit,incident,CVCVCV,CVCVCVC,broken,,
ħaqiqa,ħaqaʔiq,fact,CVCVCV,CVCVCVC,broken,,
kanisa,kanaʔis,church,CVCVCV,CVCVCVC,broken,,
karita,kawarit,disaster,CVCVCV,CVCVCVC,broken,,
laʔiħa,lawaʔiħ,list,CVCVCV,CVCVCVC,broken,,
moSiba,maSaʔib,tragedy,CVCVCV,CVCVCVC,broken,,
naSiħa,naSaʔiħ,advice,CVCVCV,CVCVCVC,broken,,
natiʒa,nataʔiʒ,result,CVCVCV,CVCVCVC,broken,,
qaʕida,qawaʕid,rule,CVCVCV,CVCVCVC,broken,,
risala,rasaʔil,message,CVCVCV,CVCVCVC,broken,,
waDifa,waDaʔif,function,CVCVCV,CVCVCVC,broken,,
watiqa,wataʔiq,document,CVCVCV,CVCVCVC,broken,,
xariTa,xaraʔiT,map,CVCVCV,CVCVCVC,broken,,
ʒarida,ʒaraʔid,newspaper,CVCVCV,CVCVCVC,broken,,
ʒarima,ʒaraʔim,crime,CVCVCV,CVCVCVC,broken,,
ʒaʔiza,ʒawaʔiz,award,CVCVCV,CVCVCVC,broken,,
ʕaSima,ʕawaSim,capital,CVCVCV,CVCVCVC,broken,,
xSara,xasaʔir,loss,CCVCV,CVCVCVC,broken,,
məbləʁ,mabaliʁ,amount,CəCCəC,CVCVCVC,broken,,
məDhər,maDahir,appearance,CəCCəC,CVCVCVC,broken,,
mədxəl,madaxil,entry,CəCCəC,CVCVCVC,broken,,
mənbəʕ,manabiʕ,source,CəCCəC,CVCVCVC,broken,,
mənDər,manaDir,view,CəCCəC,CVCVCVC,broken,,
məqʕəd,maqaʕid,seat,CəCCəC,CVCVCVC,broken,,
mərkəz,marakiz,centre,CəCCəC,CVCVCVC,broken,,
məSDər,maSaDir,reference,CəCCəC,CVCVCVC,broken,,
məʃhəd,maʃahid,scene,CəCCəC,CVCVCVC,broken,,
məsrəħ,masariħ,theater,CəCCəC,CVCVCVC,broken,,
mətħəf,mataħif,museum,CəCCəC,CVCVCVC,broken,,
məʕdən,maʕadin,metal,CəCCəC,CVCVCVC,broken,,
məʕhəd,maʕahid,institute,CəCCəC,CVCVCVC,broken,,
təʕləb,taʕalib,fox,CəCCəC,CVCVCVC,broken,,
dəlfin,dalafin,dolphin,CəCCVC,CVCVCVC,broken,,
məbdeʔ,mabadiʔ,principle,CəCCVC,CVCVCVC,broken,,
mədxul,madaxil,income,CəCCVC,CVCVCVC,broken,,
məfhum,mafahim,notion,CəCCVC,CVCVCVC,broken,,
məSrof,maSarif,expenditure,CəCCVC,CVCVCVC,broken,,
məʃroʕ,maʃariʕ,project,CəCCVC,CVCVCVC,broken,,
məwdoʕ,mawadiʕ,subject,CəCCVC,CVCVCVC,broken,,
məwqif,mawaqif,position,CəCCVC,CVCVCVC,broken,,
məʒmuʕ,maʒamiʕ,sum,CəCCVC,CVCVCVC,broken,,
təfSil,tafaSil,detail,CəCCVC,CVCVCVC,broken,,
təlmid,talamid,student,CəCCVC,CVCVCVC,broken,,
təmrin,tamarin,exercise,CəCCVC,CVCVCVC,broken,,
təqlid,taqalid,tradition,CəCCVC,CVCVCVC,broken,,
təqrir,taqarir,report,CəCCVC,CVCVCVC,broken,,
təʕbir,taʕabir,expression,CəCCVC,CVCVCVC,broken,,
ʒəmhor,ʒamahir,audience,CəCCVC,CVCVCVC,broken,,
qanun,qawanin,law,CVCVC,CVCVCVC,broken,,
ʔustad,ʔasatida,teacher,CVCCVC,CVCVCVCV,broken,a,
firʕawn,faraʕina,pharaoh,CVCCVCC,CVCVCVCV,broken,,
ʕamaliya,ʕamaliyat,operation,CVCVCVCV,CVCVCVCV,sound,at,
mDəbbəb,mDəbbin,foggy,CCəCCəC,CCəCCVC,broken,,
nuqTa,nqaT,rate,CVCCV,CCVC,broken,,
bʁəl,bʁal,mule,CCəC,CCVC,broken,,
fxəD,fxaD,thigh,CCəC,CCVC,broken,,
gərn,gron,corn,CCəC,CCVC,broken,,
ktəf,ktaf,shoulder,CCəC,CCVC,broken,,
ʃkəl,ʃkal,shape,CCəC,CCVC,broken,,
wʃəm,wʃam,tattoo,CCəC,CCVC,broken,,
ʒbəl,ʒbal,mountain,CCəC,CCVC,broken,,
ʒdər,ʒdur,root,CCəC,CCVC,broken,,
ʒməl,ʒmal,camel,CCəC,CCVC,broken,,
ħmar,ħmir,donkey,CCVC,CCVC,broken,,
mriD,mraD,ill,CCVC,CCVC,broken,,
nsib,nsab,family-in-law,CCVC,CCVC,broken,,
ʒdid,ʒdad,new,CCVC,CCVC,broken,,
mdina,mdun,city,CCVCV,CCVC,broken,,
yhudi,yhud,Jewish,CCVCV,CCVC,broken,,
bənt,bnat,girl,CəCC,CCVC,broken,,
dənb,dnub,sin,CəCC,CCVC,broken,,
fəxx,fxax,trap,CəCC,CCVC,broken,,
gəns,gnus,sex,CəCC,CCVC,broken,,
ħədd,ħdud,limit,CəCC,CCVC,broken,,
ħənk,ħnak,cheek,CəCC,CCVC,broken,,
ħərf,ħruf,letter,CəCC,CCVC,broken,,
kəlb,klab,dog,CəCC,CCVC,broken,,
nəfs,nfus,breath,CəCC,CCVC,broken,,
qənt,qnat,corner,CəCC,CCVC,broken,,
qərn,qrun,century,CəCC,CCVC,broken,,
sədd,sdud,dam,CəCC,CCVC,broken,,
Səff,Sfuf,row,CəCC,CCVC,broken,,
təlʒ,tluʒ,snow,CəCC,CCVC,broken,,
wəld,wlad,boy,CəCC,CCVC,broken,,
wəqt,wqat,time,CəCC,CCVC,broken,,
ʒədd,ʒdud,grandfather,CəCC,CCVC,broken,,
ʒəld,ʒlud,skin,CəCC,CCVC,broken,,
ʒənn,ʒnun,demon,CəCC,CCVC,broken,,
ʕəmm,ʕmam,uncle,CəCC,CCVC,broken,,
ʕənq,ʕnaq,neck,CəCC,CCVC,broken,,
ʕərq,ʕruq,race,CəCC,CCVC,broken,,
ʕərʃ,ʕruʃ,branch,CəCC,CCVC,broken,,
ʕəyn,ʕyun,eye,CəCC,CCVC,broken,,
Dəlʕa,Dluʕ,rib,CəCCV,CCVC,broken,,
dəmʕa,dmuʕ,tears,CəCCV,CCVC,broken,,
dərʒa,druʒ,stairs,CəCCV,CCVC,broken,,
mətla,mtal,proverb,CəCCV,CCVC,broken,,
nəqTa,nqaT,point,CəCCV,CCVC,broken,,
nəʒma,nʒum,star,CəCCV,CCVC,broken,,
sənna,snan,tooth,CəCCV,CCVC,broken,,
wərqa,wraq,paper,CəCCV,CCVC,broken,,
ʕəʃba,ʕʃub,bush,CəCCV,CCVC,broken,,
fumm,ffam,mouth,CVCC,CCVC,broken,,
muʃʃ,mʃaʃ,cat,CVCC,CCVC,broken,,
ʕung,ʕnag,neck,CVCC,CCVC,broken,,
raʒəl,rʒal,man,CVCəC,CCVC,broken,,
Saħəb,Sħab,friend,CVCəC,CCVC,broken,,
ʃahəd,ʃhud,witness,CVCəC,CCVC,broken,,
Do,Dwaw,light,CV,CCVC,broken,,
Dar,Dyor,home,CVC,CCVC,broken,,
dib,dyab,wolf,CVC,CCVC,broken,,
fas,ffas,ax,CVC,CCVC,broken,,
gol,gwal,goalkeeper,CVC,CCVC,broken,,
lun,lwan,colour,CVC,CCVC,broken,,
mus,mmas,knife,CVC,CCVC,broken,,
nif,nyuf,nose,CVC,CCVC,broken,,
riħ,ryaħ,wind,CVC,CCVC,broken,,
ruħ,rwaħ,spirit,CVC,CCVC,broken,,
suq,swaq,market,CVC,CCVC,broken,,
xal,xwal,uncle,CVC,CCVC,broken,,
yum,yyam,day,CVC,CCVC,broken,,
ʒib,ʒyub,pocket,CVC,CCVC,broken,,
ʕam,ʕwam,year,CVC,CCVC,broken,,
ʕid,ʕyad,feast,CVC,CCVC,broken,,
foTa,ffuT,towel,CVCV,CCVC,broken,,
muʒa,mwaʒ,wave,CVCV,CCVC,broken,,
qalam,qlum(a),pencil,CVCVC,CCVC(V),broken,a,
bħər,bħor(a),sea,CCəC,CCVC(V),broken,a,
ħnəʃ,ħnuʃ(a),snake,CCəC,CCVC(V),broken,a,
mqəS,mqoS(a),scissors,CCəC,CCVC(V),broken,a,
mʒər,mʒor(a),drawer,CCəC,CCVC(V),broken,a,
qbər,qbor(a),grave,CCəC,CCVC(V),broken,a,
qSər,qSor(a),palace,CCəC,CCVC(V),broken,a,
ʃhər,ʃhor(a),month,CCəC,CCVC(V),broken,a,
STər,Stor(a),line,CCəC,CCVC(V),broken,a,
wʒəh,wʒuh(a),face,CCəC,CCVC(V),broken,a,
ktab,ktub(a),book,CCVC,CCVC(V),broken,a,
dərb,drub(a),alley,CəCC,CCVC(V),broken,a,
kərʃ,kruʃ(a),abdomen,CəCC,CCVC(V),broken,a,
nəSS,nSoS(a),half,CəCC,CCVC(V),broken,a,
qəlb,qlub(a),heart,CəCC,CCVC(V),broken,a,
qərd,qrud(a),monkey,CəCC,CCVC(V),broken,a,
xəTT,xToT(a),lane,CəCC,CCVC(V),broken,a,
bit,byut(a),room,CVC,CCVC(V),broken,a,
ħiT,ħyoT(a),wall,CVC,CCVC(V),broken,a,
ras,ryos(a),head,CVC,CCVC(V),broken,a,
sif,syuf(a),sword,CVC,CCVC(V),broken,a,
Ter,Tyur(a),bird,CVC,CCVC(V),broken,a,
mxədda,mxadd,pillow,CCəCCV,CCVCC,broken,,
disk,dyask,song,CVCC,CCVCC,broken,,
nəglizi,ngalza,english,CəCCVCV,CCVCCV,broken,a,
ʕəskər,ʕsakriya,army,CəCCəC,CCVCCVCV,broken,a,
qənbula,qnabəl,bomb,CəCCVCV,CCVCəC,broken,,
ʒiha,ʒwayəh,area,CVCV,CCVCəC,broken,,
mkəħla,mkaħəl,rifle,CCəCCV,CCVCəC,broken,,
mTərqa,mTarəq,hammer,CCəCCV,CCVCəC,broken,,
qbila,qbayəl,tribe,CCVCa,CCVCəC,broken,,
mʕilqa,mʕaləq,spoon,CCVCCV,CCVCəC,broken,,
dəftar,dfatər,notebook,CəCCVC,CCVCəC,broken,,
ħfid,ħfayəd,grandchild,CCVC,CCVCəC,broken,,
priz,prayəz,power plug,CCVC,CCVCəC,broken,,
ʒnaħ,ʒnawəħ,wing,CCVC,CCVCəC,broken,,
bhima,bhayəm,cattle,CCVCV,CCVCəC,broken,,
blaka,blayək,panel,CCVCV,CCVCəC,broken,,
blaSa,blayəS,place,CCVCV,CCVCəC,broken,,
dqiqa,dqayəq,minute,CCVCV,CCVCəC,broken,,
fluka,flayək,boat,CCVCV,CCVCəC,broken,,
gnaza,gnayəz,funeral,CCVCV,CCVCəC,broken,,
ħdida,ħdayəd,piece ofiron,CCVCV,CCVCəC,broken,,
ksida,ksayəd,accident,CCVCV,CCVCəC,broken,,
rtila,rtayəl,spider,CCVCV,CCVCəC,broken,,
rwiDa,rwayəD,wheel,CCVCV,CCVCəC,broken,,
sənsla,snasəl,necklace,CəCCCV,CCVCəC,broken,,
dərhəm,drahəm,dirham,CəCCəC,CCVCəC,broken,,
fəndəq,fnadəq,hotel,CəCCəC,CCVCəC,broken,,
məʕməl,mʕaməl,factory,CəCCəC,CCVCəC,broken,,
ʃəryəm,ʃrayəm,window,CəCCəC,CCVCəC,broken,,
ʕəgrəb,ʕgarəb,scorpion,CəCCəC,CCVCəC,broken,,
fəʕla,fʕayəl,act,CəCCV,CCVCəC,broken,,
bərbuʃ,brabəʃ,snail,CəCCVC,CCVCəC,broken,,
bəzTam,bzaTəm,wallet,CəCCVC,CCVCəC,broken,,
dəxxan,dxaxən,smoke,CəCCVC,CCVCəC,broken,,
fəkrun,fkarən,turtle,CəCCVC,CCVCəC,broken,,
fərran,frarən,oven,CəCCVC,CCVCəC,broken,,
fərruʒ,frarəʒ,cock,CəCCVC,CCVCəC,broken,,
gənfud,gnafəd,hedgehog,CəCCVC,CCVCəC,broken,,
ħəlluf,ħlaləf,pig,CəCCVC,CCVCəC,broken,,
kəbboT,kbabəT,coat,CəCCVC,CCVCəC,broken,,
məSmar,mSamər,nail,CəCCVC,CCVCəC,broken,,
məSran,mSarən,intestine,CəCCVC,CCVCəC,broken,,
qəfTan,qfaTən,qafTan,CəCCVC,CCVCəC,broken,,
Səbbat,Sbabət,shoe,CəCCVC,CCVCəC,broken,,
səkkar,skakər,sugar,CəCCVC,CCVCəC,broken,,
səllum,slaləm,ladder,CəCCVC,CCVCəC,broken,,
SənDoq,SnaDəq,box,CəCCVC,CCVCəC,broken,,
sərbis,srabəs,service,CəCCVC,CCVCəC,broken,,
sərwal,srawəl,pants,CəCCVC,CCVCəC,broken,,
Təbsil,Tbasəl,plate,CəCCVC,CCVCəC,broken,,
Tərbuʃ,Trabəʃ,hat,CəCCVC,CCVCəC,broken,,
ʕəkkaz,ʕkakəz,crutch,CəCCVC,CCVCəC,broken,,
dəwwara,dwawər,circle,CəCCVCV,CCVCəC,broken,,
fərʃiTa,fraʃəT,fork,CəCCVCV,CCVCəC,broken,,
nəDDara,nDaDər,glasses,CəCCVCV,CCVCəC,broken,,
nəffaxa,nfafəx,balloon,CəCCVCV,CCVCəC,broken,,
ʃəkkara,ʃkayər,bag,CəCCVCV,CCVCəC,broken,,
təkʃiTa,tkaʃəT,takchiTa,CəCCVCV,CCVCəC,broken,,
təlfaza,tlafəz,television,CəCCVCV,CCVCəC,broken,,
təqʃira,tqaʃər,socks,CəCCVCV,CCVCəC,broken,,
təSwira,tSawər,picture,CəCCVCV,CCVCəC,broken,,
Təyyara,Tyayər,plane,CəCCVCV,CCVCəC,broken,,
zərriʕa,zrarəʕ,seed,CəCCVCV,CCVCəC,broken,,
Tanga,Twanəg,earring,CVCCV,CCVCəC,broken,,
ʕaʃqa,ʕwaʃəq,spoon,CVCCV,CCVCəC,broken,,
ʃarəb,ʃwarəb,moustache,CVCəC,CCVCəC,broken,,
xatəm,xwatəm,ring,CVCəC,CCVCəC,broken,,
ʒaməʕ,ʒwaməʕ,mosque,CVCəC,CCVCəC,broken,,
ħaʒa,ħwayəʒ,thing,CVCV,CCVCəC,broken,,
saʕa,swayəʕ,hour,CVCV,CCVCəC,broken,,
ħanut,ħwanət,grocery store,CVCVC,CCVCəC,broken,,
kaʁiT,kwaʁəT,paper,CVCVC,CCVCəC,broken,,
moTor,mmaTər,engine,CVCVC,CCVCəC,broken,,
qadus,qwadəs,sewer,CVCVC,CCVCəC,broken,,
sarut,swarət,key,CVCVC,CCVCəC,broken,,
ʃifor,ʃyafər,driver,CVCVC,CCVCəC,broken,,
ʃiTan,ʃyaTən,satan,CVCVC,CCVCəC,broken,,
Taʒin,Twaʒən,Tagine,CVCVC,CCVCəC,broken,,
kaSiTa,kwaSəT,tape,CVCVCV,CCVCəC,broken,,
musiqa,mmasəq,music,CVCVCV,CCVCəC,broken,,
qamiʒa,qwaməʒ,shirt,CVCVCV,CCVCəC,broken,,
ʒakiTa,ʒwakəT,jacket,CVCVCV,CCVCəC,broken,,
zərbiya,zrabi,carpet,CəCCVCV,CCVCV,broken,,
kursi,krasa,chair,CVCCV,CCVCV,broken,,
Dbəʕ,Dboʕa,hyena,CCəC,CCVCV,broken,a,
Dkər,Dkora,male,CCəC,CCVCV,broken,a,
mDəl,mDola,umbrella,CCəC,CCVCV,broken,a,
nmər,nmura,tiger,CCəC,CCVCV,broken,a,
rbəʕ,rboʕa,quarter,CCəC,CCVCV,broken,a,
sbəʕ,sbuʕa,lion,CCəC,CCVCV,broken,a,
sdər,sdura,chest,CCəC,CCVCV,broken,a,
sqəf,squfa,ceiling,CCəC,CCVCV,broken,a,
STəħ,SToħa,roof,CCəC,CCVCV,broken,a,
STəl,STola,bucket,CCəC,CCVCV,broken,a,
Tbəl,Tbola,drum,CCəC,CCVCV,broken,a,
ʕDəm,ʕDoma,bone,CCəC,CCVCV,broken,a,
ʕʒəl,ʕʒula,calf,CCəC,CCVCV,broken,a,
Sbaħ,Sbuħa,morning,CCVC,CCVCV,broken,a,
səlk,sluka,wire,CəCC,CCVCV,broken,a,
Tərf,Trofa,fraction,CəCC,CCVCV,broken,a,
bəlʁa,blaʁi,blgha,CəCCV,CCVCV,broken,,
dərri,drari,guy,CəCCV,CCVCV,broken,,
fərdi,frada,gun,CəCCV,CCVCV,broken,a,
fərqa,fraqi,team,CəCCV,CCVCV,broken,,
ħəfra,ħfari,hole,CəCCV,CCVCV,broken,,
ħəkma,ħkami,wisdom,CəCCV,CCVCV,broken,,
ħəwli,ħwala,sheep,CəCCV,CCVCV,broken,a,
kəlwa,klawi,kidney,CəCCV,CCVCV,broken,,
kəswa,ksawi,dress,CəCCV,CCVCV,broken,,
ləħya,lħaya,beard,CəCCV,CCVCV,broken,a,
məʃTa,mʃaTi,comb,CəCCV,CCVCV,broken,,
qəhwa,qhawi,coffee,CəCCV,CCVCV,broken,,
rəkba,rkabi,knee,CəCCV,CCVCV,broken,,
rəʃwa,rʃawi,bribery,CəCCV,CCVCV,broken,,
SəDfa,Sdafi,button,CəCCV,CCVCV,broken,,
Səfħa,Sfaħi,page,CəCCV,CCVCV,broken,,
Səħra,Sħari,desert,CəCCV,CCVCV,broken,,
SəmTa,SmaTi,belt,CəCCV,CCVCV,broken,,
Təbla,Tbali,table,CəCCV,CCVCV,broken,,
xədma,xdami,job,CəCCV,CCVCV,broken,,
zənqa,znaqi,street,CəCCV,CCVCV,broken,,
ʒərda,ʒradi,garden,CəCCV,CCVCV,broken,,
ʒəʕba,ʒʕabi,commission,CəCCV,CCVCV,broken,,
ʕəzri,ʕzara,single,CəCCV,CCVCV,broken,a,
nəSrani,nSara,christian,CəCCVCV,CCVCV,broken,a,
trəbya,trabi,education,CCəCCV,CCVCV,broken,,
ʕafya,ʕwafi,fire,CVCCV,CCVCV,broken,,
lila,lyali,night,CVCV,CCVCV,broken,,
xamiya,xwami,curtain,CVCVCV,CCVCV,broken,,
qərʕa,qraʕi ,bottle,CəCCV,CCVCV ,broken,,
ʔuxt,xwatat,sister,CVCC,CCVCVC,broken,,
ʃʕər,ʃʕurat,hair,CCəC,CCVCVC,broken,,
sxun,sxanin,hot,CCVC,CCVCVC,broken,,
dəmm,dmayat,blood,CəCC,CCVCVC,broken,,
SəhD,ShuDat,heat,CəCC,CCVCVC,broken,,
ʃəmʃ,ʃmuʃat,sun,CəCC,CCVCVC,broken,,
ʕəmma,ʕmamat,aunt,CəCCV,CCVCVC,broken,,
mul,mmalin,owner,CVC,CCVCVC,broken,,
ʕayla,ʕyalat,women,CVCCV,CCVCVC,broken,,
xala,xwalat,aunt,CVCV,CCVCVC,broken,,
ʃrik,ʃərka,partner,CCVC,CəCCV,broken,,
Tbib,Təbba,doctor,CCVC,CəCCV,broken,a,
draʕ,dərʕan,arm,CCVC,CəCCVC,broken,,
Triq,Tərqan,road,CCVC,CəCCVC,broken,,
xruf,xərfan,sheep,CCVC,CəCCVC,broken,,
ʕʃir,ʕəʃran,best friend,CCVC,CəCCVC,broken,,
ħaʒəb,ħəʒban,eyebrow,CVCəC,CəCCVC,broken,,
Dfər,Dəfran,fingernail,CCəC,CəCCVC,broken,,
Sbəʕ,Səbʕan,finger,CCəC,CəCCVC,broken,,
ʕəwd,ʕəwdan,horse,CəCC,CəCCVC,broken,,
ʔinsan,nas,human,CVCCVC,CVC,broken,,
byəD,boyəD,white,CCəC,CVCəC,broken,,
ħmər,ħumər,red,CCəC,CVCəC,broken,,
kħəl,kuħəl,black,CCəC,CVCəC,broken,,
xDər,xuDər,green,CCəC,CVCəC,broken,,
zrəq,zurəq,blue,CCəC,CVCəC,broken,,
bab,biban,door,CVC,CVCVC,broken,,
bak,bikan,baccalaureate,CVC,CVCVC,broken,,
baT,biTan,armpit,CVC,CVCVC,broken,,
far,firan,mouse,CVC,CVCVC,broken,,
kas,kisan,cup,CVC,CVCVC,broken,,
ʁar,ʁiran,cave,CVC,CVCVC,broken,,
ʃaf,ʃifan,boss,CVC,CVCVC,broken,,
ʃal,ʃilan,scarf,CVC,CVCVC,broken,,
tur,tiran,bull,CVC,CVCVC,broken,,
wad,widan,river,CVC,CVCVC,broken,,
ʒar,ʒiran,neighbor,CVC,CVCVC,broken,,
m?DraSa,mDraSat,school,C?CCVCV,CCCVCVC,sound,at,
strati?iyya,strati?iyyat,strategy,CCCVCVCVCCV,CCCVCVCVCCVC,sound,at,
tr?bya,tr?byat,baby,CC?CCV,CC?CCVC,sound,at,
t??m?ima,t??m?imat,shower,CC?CCVCV,CC?CCVCVC,sound,at,
ts?rkila,ts?rkilat,a walk,CC?CCVCV,CC?CCVCVC,sound,at,
mdabza,mdabzat,fight,CCVCCV,CCVCCVC,sound,at,
mDarba,mDarbat,fight,CCVCCV,CCVCCVC,sound,at,
mTayfa,mTayfat,fight,CCVCCV,CCVCCVC,sound,at,
smiyya,smiyyat,name,CCVCCV,CCVCCVC,sound,at,
??iyya,??iyyat,afternoon,CCVCCV,CCVCCVC,sound,at,
qniyya,qniyyat,rabbit,CCVCCV,CCVCCVC,sound,at,
m?awda,m?awdat,repetition,CCVCCV,CCVCCVC,sound,at,
prodwi,prodwiyyat,product,CCVCCV,CCVCCVCCVC,sound,at,
trikku,trikkuwat,sweater,CCVCCV,CCVCCVCVC,sound,at,
prodwi,prodwiyat,product,CCVCCV,CCVCCVCVC,sound,at,
stiTla?,stiTla?at,survey,CCVCCVC,CCVCCVCVC,sound,at,
stitmar,stitmarat,investment,CCVCCVC,CCVCCVCVC,sound,at,
sti?mal,sti?malat,use,CCVCCVC,CCVCCVCVC,sound,at,
stitmar,stitmarat,investment,CCVCCVC,CCVCCVCVC,sound,at,
plastika,plastikat,plastic bag,CCVCCVCV,CCVCCVCVC,sound,at,
q?nTra,qnaT?r,bridge,C?CCCV,CCVC?C,sound,at,
hwa,hwayat,air,CCV,CCVCVC,sound,at,
kra,krawat,rent,CCV,CCVCVC,sound,at,
mra,mrawat,woman,CCV,CCVCVC,sound,at,
?da,?dawat,lunch,CCV,CCVCVC,sound,at,
?Ta,?Tawat,coverage,CCV,CCVCVC,sound,at,
??a,??awat,dinner,CCV,CCVCVC,sound,at,
?ta,?tawat,rain,CCV,CCVCVC,sound,at,
?da,?dawat,lunch,CCV,CCVCVC,sound,at,
??a,??awat,dinner,CCV,CCVCVC,sound,at,
dwa,dwayat,medication,CCV,CCVCVC,sound,at,
Sla,Slawat,pray,CCV,CCVCVC,sound,at,
fran,franat,brake,CCVC,CCVCVC,sound,at,
nhar,nharat,day,CCVC,CCVCVC,sound,at,
qyas,qyasat,size,CCVC,CCVCVC,sound,at,
Sba?,Sba?at,morning,CCVC,CCVCVC,sound,at,
SDa?,SDa?at,noise,CCVC,CCVCVC,sound,at,
stil,stilat,style,CCVC,CCVCVC,sound,at,
tran,tranat,train,CCVC,CCVCVC,sound,at,
?bar,?barat,measure,CCVC,CCVCVC,sound,at,
slip,slipat,underpants,CCVC,CCVCVC,sound,at,
d?in,d?inat,jeans,CCVC,CCVCVC,sound,at,
blan,blanat,plan,CCVC,CCVCVC,sound,at,
?sab,?sabat,count,CCVC,CCVCVC,sound,at,
Sda?,Sda?at,ache,CCVC,CCVCVC,sound,at,
lsan,lsanat,tongue,CCVC,CCVCVC,sound,at,
byasa,byasat,piece,CCVCV,CCVCVC,sound,at,
brika,brikat,lighter,CCVCV,CCVCVC,sound,at,
kniya,kniyat,last name,CCVCV,CCVCVC,sound,at,
mlaya,mlayat,blanket,CCVCV,CCVCVC,sound,at,
mraya,mrayat,mirror,CCVCV,CCVCVC,sound,at,
pyasa,pyasat,piece,CCVCV,CCVCVC,sound,at,
rwina,rwinat,mess,CCVCV,CCVCVC,sound,at,
smiya,smiyat,first name,CCVCV,CCVCVC,sound,at,
Tlila,Tlilat,look,CCVCV,CCVCVC,sound,at,
wlada,wladat,birth,CCVCV,CCVCVC,sound,at,
zyada,zyadat,increase,CCVCV,CCVCVC,sound,at,
?ma?a,?ma?at,crowd,CCVCV,CCVCVC,sound,at,
?roSa,?roSat,bride,CCVCV,CCVCVC,sound,at,
d?a?a,d?a?at,chicken,CCVCV,CCVCVC,sound,at,
?zala,?zalat,gazelle,CCVCV,CCVCVC,sound,at,
?mama,?mamat,pigeon,CCVCV,CCVCVC,sound,at,
n?ama,n?amat,ostrich,CCVCV,CCVCVC,sound,at,
?rana,?ranat,frog,CCVCV,CCVCVC,sound,at,
?zala,?zalat,deer,CCVCV,CCVCVC,sound,at,
?sana,?sanat,haircut,CCVCV,CCVCVC,sound,at,
hrawa,hrawat,baton,CCVCV,CCVCVC,sound,at,
??iya,??iyat,evening,CCVCV,CCVCVC,sound,at,
Sehd,shoDat,heat,CVCC,CCVCVC,sound,at,
d?mm,dmayat,blood,C?CC,CCVCVC,sound,at,
??bs,?basat,prison,C?CC,CCVCVC,sound,at,
??m?,?mu?at,sun,C?CC,CCVCVC,sound,at,
??rs,?rasat,wedding,C?CC,CCVCVC,sound,at,
zit,zyutat,oil,CVC,CCVCVC,sound,at,
?uxt,xwatat,sister,CVCC,CCVCVC,sound,at,
?ayla,?yalat,women,CVCCV,CCVCVC,sound,at,
kridi,kridiyyat,credit,CCVCV,CCVCVCCVC,sound,at,
?robiyya,?robiyyat,countryside,CCVCVCCV,CCVCVCCVC,sound,at,
stafet,stafetat,van,CCVCVC,CCVCVCVC,sound,at,
kridi,kridiyat,credit,CCVCV,CCVCVCVC,sound,at,
kridi,kridiyat,debt,CCVCV,CCVCVCVC,sound,at,
stilu,stiluwat,pen,CCVCV,CCVCVCVC,sound,at,
?tiyal,?tiyalat,fraud,CCVCVC,CCVCVCVC,sound,at,
?tiya?,?tiya?at,need,CCVCVC,CCVCVCVC,sound,at,
?timal,?timalat,probability,CCVCVC,CCVCVCVC,sound,at,
htimam,htimamat,concern,CCVCVC,CCVCVCVC,sound,at,
?tiram,?tiramat,respect,CCVCVC,CCVCVCVC,sound,at,
kti?af,kti?afat,discovery,CCVCVC,CCVCVCVC,sound,at,
ltizam,ltizamat,commitment,CCVCVC,CCVCVCVC,sound,at,
nfi?ar,nfi?arat,explosion,CCVCVC,CCVCVCVC,sound,at,
nqilab,nqilabat,coup,CCVCVC,CCVCVCVC,sound,at,
nTiba?,nTiba?at,impression,CCVCVC,CCVCVCVC,sound,at,
ntiqal,ntiqalat,transfer,CCVCVC,CCVCVCVC,sound,at,
ntiSar,ntiSarat,victory,CCVCVC,CCVCVCVC,sound,at,
qtira?,qtira?at,suggestion,CCVCVC,CCVCVCVC,sound,at,
qtiSad,qtiSadat,economy,CCVCVC,CCVCVCVC,sound,at,
rtifa?,rtifa?at,height,CCVCVC,CCVCVCVC,sound,at,
?tiSab,?tiSabat,rape,CCVCVC,CCVCVCVC,sound,at,
sbiTar,sbiTarat,hospital,CCVCVC,CCVCVCVC,sound,at,
tti?ad,tti?adat,union,CCVCVC,CCVCVCVC,sound,at,
ttiyah,ttiyahat,direction,CCVCVC,CCVCVCVC,sound,at,
ttiSal,ttiSalat,connection,CCVCVC,CCVCVCVC,sound,at,
TwaliT,TwaliTat,toilet,CCVCVC,CCVCVCVC,sound,at,
xtibar,xtibarat,test,CCVCVC,CCVCVCVC,sound,at,
xtiyar,xtiyarat,choice,CCVCVC,CCVCVCVC,sound,at,
?tima?,?tima?at,meeting,CCVCVC,CCVCVCVC,sound,at,
?tibar,?tibarat,consideration,CCVCVC,CCVCVCVC,sound,at,
?tiqad,?tiqadat,belief,CCVCVC,CCVCVCVC,sound,at,
?tiqal,?tiqalat,arrest,CCVCVC,CCVCVCVC,sound,at,
?tiraf,?tirafat,confession,CCVCVC,CCVCVCVC,sound,at,
nsi?am,nsi?amat,harmony,CCVCVC,CCVCVCVC,sound,at,
qtiSad,qtiSadat,economy,CCVCVC,CCVCVCVC,sound,at,
tti?ad,tti?adat,union,CCVCVC,CCVCVCVC,sound,at,
?tiyaT,?tiyaTat,reserve,CCVCVC,CCVCVCVC,sound,at,
mti?an,mti?anat,exam,CCVCVC,CCVCVCVC,sound,at,
sbiTar,sbiTarat,hospital,CCVCVC,CCVCVCVC,sound,at,
ltihab,ltihabat,inflammation,CCVCVC,CCVCVCVC,sound,at,
stira?a,stira?at,break,CCVCVCV,CCVCVCVC,sound,at,
grafaTa,grafaTat,tie,CCVCVCV,CCVCVCVC,sound,at,
sti?ara,sti?arat,consultation,CCVCVCV,CCVCVCVC,sound,at,
ttifaq,ttifaqiyat,agreement,CCVCVC,CCVCVCVCVC,sound,at,
g?nTra,g?nTrat,bridge,C?CCCV,C?CCCVC,sound,at,
p?rtma,p?rtmat,apartment,C?CCCV,C?CCCVC,sound,at,
p?rTma,p?rTmat,flat,C?CCCV,C?CCCVC,sound,at,
f?rmliya,f?rmliyat,nurse,C?CCCVCV,C?CCCVCVC,sound,at,
w?rda,w?rdat,rose,C?CCV,C?CCVC,sound,at,
d??ka,d??kat,smile,C?CCV,C?CCVC,sound,at,
d?xla,d?xlat,entry,C?CCV,C?CCVC,sound,at,
??fla,??flat,party,C?CCV,C?CCVC,sound,at,
??lma,??lmat,dream,C?CCV,C?CCVC,sound,at,
??mla,??mlat,campaign,C?CCV,C?CCVC,sound,at,
???ra,???rat,stone,C?CCV,C?CCVC,sound,at,
k?lma,k?lmat,word,C?CCV,C?CCVC,sound,at,
l??da,l??dat,moment,C?CCV,C?CCVC,sound,at,
l?h?a,l?h?at,accent,C?CCV,C?CCVC,sound,at,
l?msa,l?msat,touch,C?CCV,C?CCVC,sound,at,
l??na,l??nat,committee,C?CCV,C?CCVC,sound,at,
m?rSa,m?rSat,port,C?CCV,C?CCVC,sound,at,
m??ya,m??yat,walk,C?CCV,C?CCVC,sound,at,
n?bta,n?btat,plant,C?CCV,C?CCVC,sound,at,
n?xla,n?xlat,date palm,C?CCV,C?CCVC,sound,at,
??lTa,??lTat,error,C?CCV,C?CCVC,sound,at,
S?Dma,S?Dmat,shock,C?CCV,C?CCVC,sound,at,
S?f?a,S?f?at,page,C?CCV,C?CCVC,sound,at,
S?fqa,S?fqat,deal,C?CCV,C?CCVC,sound,at,
s?kka,s?kkat,railway,C?CCV,C?CCVC,sound,at,
??m?a,??m?at,candle,C?CCV,C?CCVC,sound,at,
???ra,???rat,tree,C?CCV,C?CCVC,sound,at,
w??da,w??dat,unit,C?CCV,C?CCVC,sound,at,
w??ba,w??bat,meal,C?CCV,C?CCVC,sound,at,
x?l?a,x?l?at,panic,C?CCV,C?CCVC,sound,at,
x?Twa,x?Twat,step,C?CCV,C?CCVC,sound,at,
??lsa,??lsat,session,C?CCV,C?CCVC,sound,at,
??rya,??ryat,run,C?CCV,C?CCVC,sound,at,
??wla,??wlat,round,C?CCV,C?CCVC,sound,at,
??DDa,??DDat,bite,C?CCV,C?CCVC,sound,at,
n?mla,n?mlat,ant,C?CCV,C?CCVC,sound,at,
n???a,n???at,sheep,C?CCV,C?CCVC,sound,at,
m??za,m??zat,goat,C?CCV,C?CCVC,sound,at,
b?gra,b?grat,cow,C?CCV,C?CCVC,sound,at,
b?TTa,b?TTat,duck,C?CCV,C?CCVC,sound,at,
n??la,n??lat,bee,C?CCV,C?CCVC,sound,at,
??T?a,??T?at,dance,C?CCV,C?CCVC,sound,at,
n??ma,n??mat,tone,C?CCV,C?CCVC,sound,at,
??m?a,??m?at,candle,C?CCV,C?CCVC,sound,at,
???ra,???rat,tree,C?CCV,C?CCVC,sound,at,
r??Da,r??Dat,thunder,C?CCV,C?CCVC,sound,at,
x??ba,x??bat,piece of wood,C?CCV,C?CCVC,sound,at,
???ra,???rat,stone,C?CCV,C?CCVC,sound,at,
??dda,??ddat,grandmother,C?CCV,C?CCVC,sound,at,
m?ska,m?skat,chewing gum,C?CCV,C?CCVC,sound,at,
??rza,??rzat,stitch,C?CCV,C?CCVC,sound,at,
??Tsa,??Tsat,sneeze,C?CCV,C?CCVC,sound,at,
k?bda,k?bdat,liver,C?CCV,C?CCVC,sound,at,
m??da,m??dat,stomach,C?CCV,C?CCVC,sound,at,
??bha,??bhat,forehead,C?CCV,C?CCVC,sound,at,
n?bta,n?btat,plant,C?CCV,C?CCVC,sound,at,
n?xla,n?xlat,palm tree,C?CCV,C?CCVC,sound,at,
???ra,???rat,tree,C?CCV,C?CCVC,sound,at,
h???a,h???at,pilgrimage,C?CCV,C?CCVC,sound,at,
??fla,??flat,party,C?CCV,C?CCVC,sound,at,
d?wri,d?wriyyat,league,C?CCV,C?CCVCCVC,sound,at,
??xSiyya,??xSiyyat,character,C?CCVCCV,C?CCVCCVC,sound,at,
x?lfiyya,x?lfiyyat,background,C?CCVCCV,C?CCVCCVC,sound,at,
??m?iyya,??m?iyyat,association,C?CCVCCV,C?CCVCCVC,sound,at,
??qliyya,??qliyyat,mentality,C?CCVCCV,C?CCVCCVC,sound,at,
t?Smem,t?Smemat,design,C?CCVC,C?CCVCVC,sound,at,
??mmam,??mmamat,bath,C?CCVC,C?CCVCVC,sound,at,
m?ntu?,m?ntu?at,product,C?CCVC,C?CCVCVC,sound,at,
m??rob,m??robat,drink,C?CCVC,C?CCVCVC,sound,at,
m?wDo?,m?wDo?at,object,C?CCVC,C?CCVCVC,sound,at,
m??hud,m??hudat,effort,C?CCVC,C?CCVCVC,sound,at,
t?drib,t?dribat,practice,C?CCVC,C?CCVCVC,sound,at,
t?fsir,t?fsirat,explanation,C?CCVC,C?CCVCVC,sound,at,
t?hdid,t?hdidat,threat,C?CCVC,C?CCVCVC,sound,at,
t??lil,t??lilat,analysis,C?CCVC,C?CCVCVC,sound,at,
t??qiq,t??qiqat,investigation,C?CCVC,C?CCVCVC,sound,at,
t??qiq,t??qiqat,inquiry,C?CCVC,C?CCVCVC,sound,at,
t??sin,t??sinat,improvement,C?CCVC,C?CCVCVC,sound,at,
t?kwin,t?kwinat,formation,C?CCVC,C?CCVCVC,sound,at,
t?myiz,t?myizat,discrimination,C?CCVC,C?CCVCVC,sound,at,
t?qdir,t?qdirat,assessment,C?CCVC,C?CCVCVC,sound,at,
t??yir,t??yirat,change,C?CCVC,C?CCVCVC,sound,at,
t?rtib,t?rtibat,order,C?CCVC,C?CCVCVC,sound,at,
t?Sri?,t?Sri?at,statement,C?CCVC,C?CCVCVC,sound,at,
t??ri?,t??ri?at,legislation,C?CCVC,C?CCVCVC,sound,at,
t?s?il,t?s?ilat,record,C?CCVC,C?CCVCVC,sound,at,
t?Tbiq,t?Tbiqat,application,C?CCVC,C?CCVCVC,sound,at,
t?xfiD,t?xfiDat,sale,C?CCVC,C?CCVCVC,sound,at,
t??liq,t??liqat,comment,C?CCVC,C?CCVCVC,sound,at,
t??rif,t??rifat,definition,C?CCVC,C?CCVCVC,sound,at,
t??tir,t??tirat,influence,C?CCVC,C?CCVCVC,sound,at,
t??wil,t??wilat,interpretation,C?CCVC,C?CCVCVC,sound,at,
t?Sfiq,t?Sfiqat,applause,C?CCVC,C?CCVCVC,sound,at,
m?ntu?,m?ntu?at,product,C?CCVC,C?CCVCVC,sound,at,
t??lil,t??lilat,analysis,C?CCVC,C?CCVCVC,sound,at,
??llal,??llalat,waterfall,C?CCVC,C?CCVCVC,sound,at,
d?bbaba,d?bbabat,tank,C?CCVCV,C?CCVCVC,sound,at,
f?lsafa,f?lsafat,philosophy,C?CCVCV,C?CCVCVC,sound,at,
m?ktaba,m?ktabat,library,C?CCVCV,C?CCVCVC,sound,at,
m?l?oDa,m?l?oDat,note,C?CCVCV,C?CCVCVC,sound,at,
m?mlaka,m?mlakat,kingdom,C?CCVCV,C?CCVCVC,sound,at,
m?T?ana,m?T?anat,mill,C?CCVCV,C?CCVCVC,sound,at,
m??mu?a,m??mu?at,group,C?CCVCV,C?CCVCVC,sound,at,
m??luma,m??lumat,information,C?CCVCV,C?CCVCVC,sound,at,
q?rTaSa,q?rTaSat,bullet,C?CCVCV,C?CCVCVC,sound,at,
q?zziba,q?zzibat,tail,C?CCVCV,C?CCVCVC,sound,at,
s?yyida,s?yyidat,lady,C?CCVCV,C?CCVCVC,sound,at,
??TTaba,??TTabat,broom,C?CCVCV,C?CCVCVC,sound,at,
t?lla?a,t?lla?at,fridge,C?CCVCV,C?CCVCVC,sound,at,
T?r?ama,T?r?amat,interpretation,C?CCVCV,C?CCVCVC,sound,at,
t?xliTa,t?xliTat,combination,C?CCVCV,C?CCVCVC,sound,at,
??rbiya,??rbiyat,arabic,C?CCVCV,C?CCVCVC,sound,at,
d?bbana,d?bbanat,fly,C?CCVCV,C?CCVCVC,sound,at,
s?rdina,s?rdinat,sardine,C?CCVCV,C?CCVCVC,sound,at,
??llaba,??llabat,jellaba,C?CCVCV,C?CCVCVC,sound,at,
S?bbora,S?bborat,blackboard,C?CCVCV,C?CCVCVC,sound,at,
f?lsafa,f?lsafat,philosophy,C?CCVCV,C?CCVCVC,sound,at,
T?n?iya,T?n?iyat,Tanjia,C?CCVCV,C?CCVCVC,sound,at,
b?sTila,b?sTilat,bastila,C?CCVCV,C?CCVCVC,sound,at,
m?sra?iyya,m?sra?iyyat,play,C?CCVCVCCV,C?CCVCVCCVC,sound,at,
m?s?uliyya,m?s?uliyyat,responsibility,C?CCVCVCCV,C?CCVCVCCVC,sound,at,
m?s?uliyya,m?s?uliyyat,liability,C?CCVCVCCV,C?CCVCVCCVC,sound,at,
??mhuriya,??mhuriyat,republic,C?CCVCVCV,C?CCVCVCVC,sound,at,
d?rra?iya,d?rra?iyat,drraia,C?CCVCVCV,C?CCVCVCVC,sound,at,
kontra,kontrat,contract,CVCCCV,CVCCCVC,sound,at,
?applikasyo?,?applikasyonat,application,CVCCCVCVCCV?,CVCCCVCVCCVCVC,sound,at,
?imbraToriyya,?imbraToriyyat,empire,CVCCCVCVCVCCV,CVCCCVCVCVCCVC,sound,at,
w?qt,?awqat,time,C?CC,CVCCVC,sound,at,
Sot,?aSwat,voice,CVC,CVCCVC,sound,at,
kabl,kablat,cable,CVCC,CVCCVC,sound,at,
mat?,mat?at,match,CVCC,CVCCVC,sound,at,
?ort,?ortat,shorts,CVCC,CVCCVC,sound,at,
banka,bankat,bank,CVCCV,CVCCVC,sound,at,
boq?a,boq?at,spot,CVCCV,CVCCVC,sound,at,
boSTa,boSTat,post,CVCCV,CVCCVC,sound,at,
firma,firmat,farm,CVCCV,CVCCVC,sound,at,
karTa,karTat,card,CVCCV,CVCCVC,sound,at,
makla,maklat,food,CVCCV,CVCCVC,sound,at,
manTa,manTat,blanket,CVCCV,CVCCVC,sound,at,
?u?na,?u?nat,charge,CVCCV,CVCCVC,sound,at,
sukna,suknat,accommodation,CVCCV,CVCCVC,sound,at,
xibra,xibrat,expertise,CVCCV,CVCCVC,sound,at,
?umla,?umlat,currency,CVCCV,CVCCVC,sound,at,
Tobba,Tobbat,rat,CVCCV,CVCCVC,sound,at,
fuqma,fuqmat,seal,CVCCV,CVCCVC,sound,at,
?umla,?umlat,currency,CVCCV,CVCCVC,sound,at,
banka,bankat,bank,CVCCV,CVCCVC,sound,at,
borSa,borSat,stock exchange,CVCCV,CVCCVC,sound,at,
birra,birrat,beer,CVCCV,CVCCVC,sound,at,
riyya,riyyat,lung,CVCCV,CVCCVC,sound,at,
kofra,kofrat,free kick,CVCCV,CVCCVC,sound,at,
karta,kartat,cards,CVCCV,CVCCVC,sound,at,
batri,batriyyat,battery,CVCCV,CVCCVCCVC,sound,at,
pisri,pisriyyat,bakery,CVCCV,CVCCVCCVC,sound,at,
portabl,portablat,cell phone,CVCCVCC,CVCCVCCVC,sound,at,
?urriyya,?urriyyat,freedom,CVCCVCCV,CVCCVCCVC,sound,at,
kimmiyya,kimmiyyat,quantity,CVCCVCCV,CVCCVCCVC,sound,at,
milkiyya,milkiyyat,estate,CVCCVCCV,CVCCVCCVC,sound,at,
tiqniyya,tiqniyyat,technique,CVCCVCCV,CVCCVCCVC,sound,at,
xaSSiyya,xaSSiyyat,feature,CVCCVCCV,CVCCVCCVC,sound,at,
tiqniyya,tiqniyyat,technique,CVCCVCCV,CVCCVCCVC,sound,at,
mustawTana,mustawTanat,settlement,CVCCVCCVCV,CVCCVCCVCVC,sound,at,
su?al,?as?ila/su?alat,question,CVCVC,CVCCVCV/CVCVCVC,sound,at,
pesse,pessiyat,computer,CVCCV,CVCCVCVC,sound,at,
te?did,te?didat,emphasis,CVCCVC,CVCCVCVC,sound,at,
mar?i,mar?iyat,market,CVCCV,CVCCVCVC,sound,at,
pirmi,pirmiyat,driver s license,CVCCV,CVCCVCVC,sound,at,
radyu,radyuwat,radio,CVCCV,CVCCVCVC,sound,at,
vidyu,vidyuwat,video,CVCCV,CVCCVCVC,sound,at,
?odyo,?odyowat,audio,CVCCV,CVCCVCVC,sound,at,
fisbuk,fisbukat,facebook,CVCCVC,CVCCVCVC,sound,at,
sansur,sansurat,elevator,CVCCVC,CVCCVCVC,sound,at,
siktur,sikturat,sector,CVCCVC,CVCCVCVC,sound,at,
sinyal,sinyalat,signal,CVCCVC,CVCCVCVC,sound,at,
tayyar,tayyarat,flow,CVCCVC,CVCCVCVC,sound,at,
?ornan,?ornanat,newspaper,CVCCVC,CVCCVCVC,sound,at,
?iDrab,?iDrabat,strike,CVCCVC,CVCCVCVC,sound,at,
?iSla?,?iSla?at,reform,CVCCVC,CVCCVCVC,sound,at,
?i?ra?,?i?ra?at,procedure,CVCCVC,CVCCVCVC,sound,at,
?i?dam,?i?damat,death penalty,CVCCVC,CVCCVCVC,sound,at,
?i?lan,?i?lanat,declaration,CVCCVC,CVCCVCVC,sound,at,
?ibda?,?ibda?at,creativity,CVCCVC,CVCCVCVC,sound,at,
kustim,kustimat,suit,CVCCVC,CVCCVCVC,sound,at,
?iSla?,?iSla?at,reform,CVCCVC,CVCCVCVC,sound,at,
diplom,diplomat,diploma,CVCCVC,CVCCVCVC,sound,at,
?i?Sar,?i?Sarat,hurricane,CVCCVC,CVCCVCVC,sound,at,
faktura,fakturat,bill,CVCCVCV,CVCCVCVC,sound,at,
kulliya,kulliyat,college,CVCCVCV,CVCCVCVC,sound,at,
ladrisa,ladrisat,address,CVCCVCV,CVCCVCVC,sound,at,
mi?faDa,mi?faDat,bag,CVCCVCV,CVCCVCVC,sound,at,
mu?kila,mu?kilat,problem,CVCCVCV,CVCCVCVC,sound,at,
risTora,risTorat,restaurant,CVCCVCV,CVCCVCVC,sound,at,
zinzana,zinzanat,cell,CVCCVCV,CVCCVCVC,sound,at,
?ayyina,?ayyinat,sample,CVCCVCV,CVCCVCVC,sound,at,
gormiTa,gormiTat,bracelet,CVCCVCV,CVCCVCVC,sound,at,
faktura,fakturat,bill,CVCCVCV,CVCCVCVC,sound,at,
misTara,misTarat,ruler,CVCCVCV,CVCCVCVC,sound,at,
mo??iza,mo??izat,miracle,CVCCVCV,CVCCVCVC,sound,at,
tiknolo?ya,tiknolo?yat,technology,CVCCVCVCCV,CVCCVCVCCVC,sound,at,
?awlawiyya,?awlawiyyat,priority,CVCCVCVCCV,CVCCVCVCCVC,sound,at,
?imkaniyya,?imkaniyyat,possibility,CVCCVCVCCV,CVCCVCVCCVC,sound,at,
berlaman,berlamanat,parliament,CVCCVCVC,CVCCVCVCVC,sound,at,
mu?tawa,mu?tawayat,content,CVCCVCV,CVCCVCVCVC,sound,at,
mustawa,mustawayat,level,CVCCVCV,CVCCVCVCVC,sound,at,
moSTala?,moSTala?at,term,CVCCVCVC,CVCCVCVCVC,sound,at,
mo?tamar,mo?tamarat,congress,CVCCVCVC,CVCCVCVCVC,sound,at,
mu?tama?,mu?tama?at,society,CVCCVCVC,CVCCVCVCVC,sound,at,
?iqtira?,?iqtira?at,proposal,CVCCVCVC,CVCCVCVCVC,sound,at,
babba?a?,babba?a?at,parrot,CVCCVCVC,CVCCVCVCVC,sound,at,
DaynaSor,DaynaSorat,dinosaur,CVCCVCVC,CVCCVCVCVC,sound,at,
mustaTil,mustaTilat,rectangle,CVCCVCVC,CVCCVCVCVC,sound,at,
mihra?an,mihra?anat,festival,CVCCVCVC,CVCCVCVCVC,sound,at,
sikritira,sikritirat,secretary,CVCCVCVCV,CVCCVCVCVC,sound,at,
sikritira,sikritirat,assistant,CVCCVCVCV,CVCCVCVCVC,sound,at,
mam?rr,mam?rrat,passage,CVC?CC,CVC?CCVC,sound,at,
mil?ff,mil?ffat,file,CVC?CC,CVC?CCVC,sound,at,
ma??lla,ma??llat,magazine,CVC?CCV,CVC?CCVC,sound,at,
ta??ddi,ta??ddiyyat,challenge,CVC?CCV,CVC?CCVCCVC,sound,at,
mor?bba?,mor?bba?at,square,CVC?CCVC,CVC?CCVCVC,sound,at,
mox?yyam,mox?yyamat,camp,CVC?CCVC,CVC?CCVCVC,sound,at,
mox?TTaT,mox?TTaTat,scheme,CVC?CCVC,CVC?CCVCVC,sound,at,
mus?lsal,mus?lsalat,series,CVC?CCVC,CVC?CCVCVC,sound,at,
tan?ffus,tan?ffusat,breathing,CVC?CCVC,CVC?CCVCVC,sound,at,
tas?lsul,tas?lsulat,sequence,CVC?CCVC,CVC?CCVCVC,sound,at,
taS?rrof,taS?rrofat,behaviour,CVC?CCVC,CVC?CCVCVC,sound,at,
taT?wwor,taT?wworat,development,CVC?CCVC,CVC?CCVCVC,sound,at,
ta??mmu?,ta??mmu?at,gathering,CVC?CCVC,CVC?CCVCVC,sound,at,
ta??ssuf,ta??ssufat,abuse,CVC?CCVC,CVC?CCVCVC,sound,at,
mor?bba?,mor?bba?at,square,CVC?CCVC,CVC?CCVCVC,sound,at,
mut?llat,mut?llatat,triangle,CVC?CCVC,CVC?CCVCVC,sound,at,
mos?lsal,mos?lsalat,series,CVC?CCVC,CVC?CCVCVC,sound,at,
tax?SSoS,tax?SSoSat,specialization,CVC?CCVC,CVC?CCVCVC,sound,at,
taT?wwor,taT?wworat,evolution,CVC?CCVC,CVC?CCVCVC,sound,at,
mu????ir,mu????irat,index,CVC?CCVC,CVC?CCVCVC,sound,at,
mud?kkira,mud?kkirat,note,CVC?CCVCV,CVC?CCVCVC,sound,at,
muq?ddima,muq?ddimat,introduction,CVC?CCVCV,CVC?CCVCVC,sound,at,
mu??ssasa,mu??ssasat,institution,CVC?CCVCV,CVC?CCVCVC,sound,at,
kod,kodat,code,CVC,CVCVC,sound,at,
BoLa,BoLat,lamp,CVCV,CVCVC,sound,at,
Dora,Dorat,turn,CVCV,CVCVC,sound,at,
?afa,?afat,edge,CVCV,CVCVC,sound,at,
?ala,?alat,case,CVCV,CVCVC,sound,at,
?uma,?umat,neighborhood,CVCV,CVCVC,sound,at,
?uta,?utat,fish,CVCV,CVCVC,sound,at,
kora,korat,ball,CVCV,CVCVC,sound,at,
lu?a,lu?at,language,CVCV,CVCVC,sound,at,
mika,mikat,plastic bag,CVCV,CVCVC,sound,at,
miza,mizat,feature,CVCV,CVCVC,sound,at,
noTa,noTat,note,CVCV,CVCVC,sound,at,
qaDi,qoDat,judge,CVCV,CVCVC,sound,at,
?aba,?abat,forest,CVCV,CVCVC,sound,at,
Sala,Salat,hall,CVCV,CVCVC,sound,at,
?a?a,?a?at,screen,CVCV,CVCVC,sound,at,
?ufa,?ufat,look,CVCV,CVCVC,sound,at,
Taqa,Taqat,energy,CVCV,CVCVC,sound,at,
Ti?a,Ti?at,fall,CVCV,CVCVC,sound,at,
?ada,?adat,habit,CVCV,CVCVC,sound,at,
?uta,?utat,fish,CVCV,CVCVC,sound,at,
muka,mukat,owl,CVCV,CVCVC,sound,at,
duda,dudat,worm,CVCV,CVCVC,sound,at,
ri?a,ri?at,feather,CVCV,CVCVC,sound,at,
?ita,?itat,brush,CVCV,CVCVC,sound,at,
?a?a,?a?at,screen,CVCV,CVCVC,sound,at,
Saya,Sayat,skirt,CVCV,CVCVC,sound,at,
liga,ligat,gloves,CVCV,CVCVC,sound,at,
lo?a,lo?at,language,CVCV,CVCVC,sound,at,
?aba,?abat,forest,CVCV,CVCVC,sound,at,
?a?a,?a?at,piece of glass,CVCV,CVCVC,sound,at,
?afa,?afat,edge,CVCV,CVCVC,sound,at,
wa?a,wa?at,oasis,CVCV,CVCVC,sound,at,
biDa,biDat,egg,CVCV,CVCVC,sound,at,
kika,kikat,cake,CVCV,CVCVC,sound,at,
xala,xalat,mole,CVCV,CVCVC,sound,at,
?uka,?ukat,thorn,CVCV,CVCVC,sound,at,
kora,korat,soccer ball,CVCV,CVCVC,sound,at,
liga,ligat,gloves,CVCV,CVCVC,sound,at,
?adat,?adat,event,CVCVC,CVCVC,sound,at,
lila,lilat/lyali,night,CVCV,CVCVC/CCVCV,sound,at,
dezayn,dezaynat,design,CVCVCC,CVCVCCVC,sound,at,
?unayh,?unayhat,pound,CVCVCC,CVCVCCVC,sound,at,
wikand,wikandat,weekend,CVCVCC,CVCVCCVC,sound,at,
bakiyya,bakiyyat,package,CVCVCCV,CVCVCCVC,sound,at,
bo?ayra,bo?ayrat,lake,CVCVCCV,CVCVCCVC,sound,at,
liziyya,liziyyat,headphones,CVCVCCV,CVCVCCVC,sound,at,
kaman?a,kaman?at,violin,CVCVCCV,CVCVCCVC,sound,at,
?aqalliyya,?aqalliyyat,minority,CVCVCCVCCV,CVCVCCVCCVC,sound,at,
komisyon,komisyonat,commission,CVCVCCVC,CVCVCCVCVC,sound,at,
monaDDama,monaDDamat,organisation,CVCVCCVCV,CVCVCCVCVC,sound,at,
dimoqraTiyya,dimoqraTiyyat,democracy,CVCVCCVCVCCV,CVCVCCVCVCCVC,sound,at,
sma,samawat,sky,CCV,CVCVCVC,sound,at,
sma,samawat,sky,CCV,CVCVCVC,sound,at,
m?kt?b,makatib,office,C?CC?C,CVCVCVC,sound,at,
t?rwa,tarawat,wealth,C?CCV,CVCVCVC,sound,at,
??zma,?azamat,crisis,C?CCV,CVCVCVC,sound,at,
meSa?,meSa?at,message,CVCVC,CVCVCVC,sound,at,
qudra,qudurat,ability,CVCCV,CVCVCVC,sound,at,
ri?la,ra?alat,trip,CVCCV,CVCVCVC,sound,at,
tawra,tawarat,revolution,CVCCV,CVCVCVC,sound,at,
Dostor,dasatir,constitution,CVCCVC,CVCVCVC,sound,at,
?oTel,?oTelat,hotel,CVCVC,CVCVCVC,sound,at,
baTo,baTowat,ship,CVCV,CVCVCVC,sound,at,
biru,biruwat,desk,CVCV,CVCVCVC,sound,at,
kaDo,kaDowat,gift,CVCV,CVCVCVC,sound,at,
tuni,tuniyat,football shirt,CVCV,CVCVCVC,sound,at,
baTo,baTowat,ship,CVCV,CVCVCVC,sound,at,
tuni,tuniyat,shirt,CVCV,CVCVCVC,sound,at,
difa?,difa?at,defence,CVCVC,CVCVCVC,sound,at,
faDa?,faDa?at,space,CVCVC,CVCVCVC,sound,at,
liqa?,liqa?at,vaccine,CVCVC,CVCVCVC,sound,at,
ma?al,ma?alat,store,CVCVC,CVCVCVC,sound,at,
maqal,maqalat,article,CVCVC,CVCVCVC,sound,at,
maqam,maqamat,situation,CVCVC,CVCVCVC,sound,at,
maSar,maSarat,path,CVCVC,CVCVCVC,sound,at,
ma?al,ma?alat,scope,CVCVC,CVCVCVC,sound,at,
na?aT,na?aTat,activity,CVCVC,CVCVCVC,sound,at,
naTiq,naTiqin,speaker,CVCVC,CVCVCVC,sound,at,
na?a?,na?a?at,success,CVCVC,CVCVCVC,sound,at,
niqa?,niqa?at,discussion,CVCVC,CVCVCVC,sound,at,
qarar,qararat,decision,CVCVC,CVCVCVC,sound,at,
?araD,?araDat,business,CVCVC,CVCVCVC,sound,at,
?iyab,?iyabat,absence,CVCVC,CVCVCVC,sound,at,
Salon,Salonat,gallery,CVCVC,CVCVCVC,sound,at,
siyaq,siyaqat,context,CVCVC,CVCVCVC,sound,at,
Sira?,Sira?at,conflict,CVCVC,CVCVCVC,sound,at,
?i?ar,?i?arat,slogan,CVCVC,CVCVCVC,sound,at,
SuniT,SuniTat,bell,CVCVC,CVCVCVC,sound,at,
Talab,Talabat,request,CVCVC,CVCVCVC,sound,at,
tiran,tiranat,field,CVCVC,CVCVCVC,sound,at,
Tobis,Tobisat,bus,CVCVC,CVCVCVC,sound,at,
vila?,vila?at,village,CVCVC,CVCVCVC,sound,at,
xiTab,xiTabat,speech,CVCVC,CVCVCVC,sound,at,
?ila?,?ila?at,treatment,CVCVC,CVCVCVC,sound,at,
?iTa?,?iTa?at,floor,CVCVC,CVCVCVC,sound,at,
xayal,xayalat,imagination,CVCVC,CVCVCVC,sound,at,
?iqa?,?iqa?at,rhythm,CVCVC,CVCVCVC,sound,at,
Talab,Talabat,demand,CVCVC,CVCVCVC,sound,at,
Talab,Talabat,application,CVCVC,CVCVCVC,sound,at,
sanad,sanadat,bonds,CVCVC,CVCVCVC,sound,at,
ma?al,ma?alat,shop,CVCVC,CVCVCVC,sound,at,
niqa?,niqa?at,discussion,CVCVC,CVCVCVC,sound,at,
?iyab,?iyabat,absence,CVCVC,CVCVCVC,sound,at,
maqal,maqalat,essay,CVCVC,CVCVCVC,sound,at,
tiran,tiranat,stadium,CVCVC,CVCVCVC,sound,at,
sibaq,sibaqat,race,CVCVC,CVCVCVC,sound,at,
bidaya,bidayat,start,CVCVCV,CVCVCVC,sound,at,
binaya,binayat,structure,CVCVCV,CVCVCVC,sound,at,
biTaqa,biTaqat,card,CVCVCV,CVCVCVC,sound,at,
botona,botonat,button,CVCVCV,CVCVCVC,sound,at,
Dara?a,Dara?at,degree,CVCVCV,CVCVCVC,sound,at,
?aDara,?aDarat,civilization,CVCVCV,CVCVCVC,sound,at,
?araka,?arakat,movement,CVCVCV,CVCVCVC,sound,at,
?ukuma,?ukumat,government,CVCVCV,CVCVCVC,sound,at,
huwiya,huwiyat,identity,CVCVCV,CVCVCVC,sound,at,
kabina,kabinat,toilet,CVCVCV,CVCVCVC,sound,at,
kafa?a,kafa?at,efficiency,CVCVCV,CVCVCVC,sound,at,
karama,karamat,dignity,CVCVCV,CVCVCVC,sound,at,
kuzina,kuzinat,kitchen,CVCVCV,CVCVCVC,sound,at,
mahara,maharat,skill,CVCVCV,CVCVCVC,sound,at,
makina,makinat,machine,CVCVCV,CVCVCVC,sound,at,
malika,malikat,queen,CVCVCV,CVCVCVC,sound,at,
masafa,masafat,distance,CVCVCV,CVCVCVC,sound,at,
masira,masirat,march,CVCVCV,CVCVCVC,sound,at,
misa?a,misa?at,space,CVCVCV,CVCVCVC,sound,at,
musiqa,musiqat,music,CVCVCV,CVCVCVC,sound,at,
nihaya,nihayat,end,CVCVCV,CVCVCVC,sound,at,
pikala,pikalat,bicycle,CVCVCV,CVCVCVC,sound,at,
qiyada,qiyadat,leadership,CVCVCV,CVCVCVC,sound,at,
riyaDa,riyaDat,sport,CVCVCV,CVCVCVC,sound,at,
Sabona,Sabonat,soap,CVCVCV,CVCVCVC,sound,at,
SaDaqa,SaDaqat,charity,CVCVCV,CVCVCVC,sound,at,
?araka,?arakat,partnership,CVCVCV,CVCVCVC,sound,at,
?arika,?arikat,company,CVCVCV,CVCVCVC,sound,at,
siyada,siyadat,sovereignty,CVCVCV,CVCVCVC,sound,at,
siyasa,siyasat,politics,CVCVCV,CVCVCVC,sound,at,
?ikaya,?ikayat,complaint,CVCVCV,CVCVCVC,sound,at,
simana,simanat,week,CVCVCV,CVCVCVC,sound,at,
Sina?a,Sina?at,industry,CVCVCV,CVCVCVC,sound,at,
So?oba,So?obat,difficulty,CVCVCV,CVCVCVC,sound,at,
taqafa,taqafat,culture,CVCVCV,CVCVCVC,sound,at,
wakala,wakalat,agency,CVCVCV,CVCVCVC,sound,at,
walida,walidat,mum,CVCVCV,CVCVCVC,sound,at,
wizara,wizarat,ministry,CVCVCV,CVCVCVC,sound,at,
xaTiba,xaTibat,fiancee,CVCVCV,CVCVCVC,sound,at,
xizana,xizanat,cabinet,CVCVCV,CVCVCVC,sound,at,
?ami?a,?ami?at,university,CVCVCV,CVCVCVC,sound,at,
?adawa,?adawat,hate,CVCVCV,CVCVCVC,sound,at,
?alama,?alamat,sign,CVCVCV,CVCVCVC,sound,at,
?alaqa,?alaqat,relationship,CVCVCV,CVCVCVC,sound,at,
?anisa,?anisat,miss,CVCVCV,CVCVCVC,sound,at,
?ariDa,?ariDat,petition,CVCVCV,CVCVCVC,sound,at,
?a?ila,?a?ilat,family,CVCVCV,CVCVCVC,sound,at,
?ibada,?ibadat,genocide,CVCVCV,CVCVCVC,sound,at,
?iDara,?iDarat,management,CVCVCV,CVCVCVC,sound,at,
?ida?a,?ida?at,channel,CVCVCV,CVCVCVC,sound,at,
?iyada,?iyadat,cabinet,CVCVCV,CVCVCVC,sound,at,
?imara,?imarat,building,CVCVCV,CVCVCVC,sound,at,
?iSaba,?iSabat,injury,CVCVCV,CVCVCVC,sound,at,
?i?ara,?i?arat,sign,CVCVCV,CVCVCVC,sound,at,
?isa?a,?isa?at,abuse,CVCVCV,CVCVCVC,sound,at,
?uquba,?uqubat,sanction,CVCVCV,CVCVCVC,sound,at,
ziyara,ziyarat,visit,CVCVCV,CVCVCVC,sound,at,
zarafa,zarafat,giraffe,CVCVCV,CVCVCVC,sound,at,
fara?a,fara?at,butterfly,CVCVCV,CVCVCVC,sound,at,
namusa,namusat,mosquito,CVCVCV,CVCVCVC,sound,at,
?a?ara,?a?arat,insect,CVCVCV,CVCVCVC,sound,at,
taqafa,taqafat,culture,CVCVCV,CVCVCVC,sound,at,
riwaya,riwayat,novel,CVCVCV,CVCVCVC,sound,at,
kasiTa,kasiTat,tape,CVCVCV,CVCVCVC,sound,at,
pi?ama,pi?amat,pajamas,CVCVCV,CVCVCVC,sound,at,
Tagiya,Tagiyat,skullcap,CVCVCV,CVCVCVC,sound,at,
ti?ara,ti?arat,commerce,CVCVCV,CVCVCVC,sound,at,
Sina?a,Sina?at,industry,CVCVCV,CVCVCVC,sound,at,
zira?a,zira?at,agriculture,CVCVCV,CVCVCVC,sound,at,
riyaDa,riyaDat,sport,CVCVCV,CVCVCVC,sound,at,
?ami?a,?ami?at,university,CVCVCV,CVCVCVC,sound,at,
?idara,?idarat,administration,CVCVCV,CVCVCVC,sound,at,
Tawila,Tawilat,bench,CVCVCV,CVCVCVC,sound,at,
?aDana,?aDanat,nursery school,CVCVCV,CVCVCVC,sound,at,
?a?ila,?a?ilat,family,CVCVCV,CVCVCVC,sound,at,
?aDala,?aDalat,muscle,CVCVCV,CVCVCVC,sound,at,
riyaDa,riyaDat,sport,CVCVCV,CVCVCVC,sound,at,
hiwaya,hiwayat,hobby,CVCVCV,CVCVCVC,sound,at,
boTola,boTolat,league,CVCVCV,CVCVCVC,sound,at,
simana,simanat,week,CVCVCV,CVCVCVC,sound,at,
magana,maganat,clock,CVCVCV,CVCVCVC,sound,at,
?arika,?arikat,company,CVCVCV,CVCVCVC,sound,at,
mizaniyya,mizaniyyat,budget,CVCVCVCCV,CVCVCVCCVC,sound,at,
namusiyya,namusiyyat,bed,CVCVCVCCV,CVCVCVCCVC,sound,at,
?amaliyya,?amaliyyat,process,CVCVCVCCV,CVCVCVCCVC,sound,at,
mikanisyan,mikanisyanat,mechanic,CVCVCVCCVC,CVCVCVCCVCVC,sound,at,
Darora,Daroriyat,necessity,CVCVCV,CVCVCVCVC,sound,at,
lavabo,lavabowat,sink,CVCVCV,CVCVCVCVC,sound,at,
?asasi,?asasiyat,basic,CVCVCV,CVCVCVCVC,sound,at,
?ayawan,?ayawanat,animal,CVCVCVC,CVCVCVCVC,sound,at,
muwaTin,muwaTinin,citizen,CVCVCVC,CVCVCVCVC,sound,at,
parabol,parabolat,tv receiver,CVCVCVC,CVCVCVCVC,sound,at,
tabadul,tabadulat,exchange,CVCVCVC,CVCVCVCVC,sound,at,
tawazun,tawazunat,balance,CVCVCVC,CVCVCVCVC,sound,at,
tilifun,tilifunat,telephone,CVCVCVC,CVCVCVCVC,sound,at,
tilifun,tilifunat,phone,CVCVCVC,CVCVCVCVC,sound,at,
?ayawan,?ayawanat,animal,CVCVCVC,CVCVCVCVC,sound,at,
tamatul,tamatulat,symmetry,CVCVCVC,CVCVCVCVC,sound,at,
makiya?,makiya?at,makeup,CVCVCVC,CVCVCVCVC,sound,at,
fayaDan,fayaDanat,flood,CVCVCVC,CVCVCVCVC,sound,at,
mobadara,mobadarat,initiative,CVCVCVCV,CVCVCVCVC,sound,at,
mo?aDara,mo?aDarat,conference,CVCVCVCV,CVCVCVCVC,sound,at,
mo?akama,mo?akamat,trial,CVCVCVCV,CVCVCVCVC,sound,at,
moqarana,moqaranat,comparison,CVCVCVCV,CVCVCVCVC,sound,at,
moqawala,moqawalat,enterprise,CVCVCVCV,CVCVCVCVC,sound,at,
mora?a?a,mora?a?at,review,CVCVCVCV,CVCVCVCVC,sound,at,
moSabaqa,moSabaqat,competition,CVCVCVCV,CVCVCVCVC,sound,at,
moTalaba,moTalabat,claim,CVCVCVCV,CVCVCVCVC,sound,at,
mo?araDa,mo?araDat,opposition,CVCVCVCV,CVCVCVCVC,sound,at,
mufa?a?a,mufa?a?at,surprise,CVCVCVCV,CVCVCVCVC,sound,at,
mu?adata,mu?adatat,conversation,CVCVCVCV,CVCVCVCVC,sound,at,
mu?awala,mu?awalat,attempt,CVCVCVCV,CVCVCVCVC,sound,at,
mukalama,mukalamat,call,CVCVCVCV,CVCVCVCVC,sound,at,
muqaTa?a,muqaTa?at,county,CVCVCVCV,CVCVCVCVC,sound,at,
muSala?a,muSala?at,conciliation,CVCVCVCV,CVCVCVCVC,sound,at,
mu?araka,mu?arakat,contribution,CVCVCVCV,CVCVCVCVC,sound,at,
musa?ada,musa?adat,help,CVCVCVCV,CVCVCVCVC,sound,at,
muwafaqa,muwafaqat,approval,CVCVCVCV,CVCVCVCVC,sound,at,
mu?ahada,mu?ahadat,treaty,CVCVCVCV,CVCVCVCVC,sound,at,
mu?amala,mu?amalat,treatment,CVCVCVCV,CVCVCVCVC,sound,at,
naDariya,naDariyat,theory,CVCVCVCV,CVCVCVCVC,sound,at,
Tomobila,Tomobilat,car,CVCVCVCV,CVCVCVCVC,sound,at,
moqawala,moqawalat,enterprise,CVCVCVCV,CVCVCVCVC,sound,at,
mizaniya,mizaniyat,budget,CVCVCVCV,CVCVCVCVC,sound,at,
mo?adala,mo?adalat,equation,CVCVCVCV,CVCVCVCVC,sound,at,
monasaba,monasabat,occasion,CVCVCVCV,CVCVCVCVC,sound,at,
telecomond,telecomondat,remote control,CVCVcVCVCC,CVCVcVCVCCVC,sound,at,
tilikumonD,tilikumonDat,remote control,CVCVCVCVCC,CVCVCVCVCCVC,sound,at,
zira?a,zira?aat,agriculture,CVCVCV,CVCVCVVC,sound,at,
kamiu,kamiunat,truck,CVCVV,CVCVVCVC,sound,at,
i?har,i?harat,advertisement,VCCVC,VCCVCVC,sound,at,
bal??,bal?in,adult,CVC?C,CVCCVC,sound,in,
bari?,bari?in,innocent,CVCVC,CVCVCVC,sound,in,
berlamani,berlamaniyin,deputy,CVCCVCVCV,CVCCVCVCVCVC,sound,in,
bnad?m,bnadmin,human,CCVC?C,CCVCCVC,sound,in,
faDa?i,faDa?iyin,alien,CVCVCV,CVCVCVCVC,sound,in,
?am?D,?amDin,acid,CVC?C,CVCCVC,sound,in,
kam?l,kamlin,whole,CVC?C,CVCCVC,sound,in,
la?ib,la?ibin,player,CVCVC,CVCVCVC,sound,in,
m?staq?ll,m?staq?llin,independent,C?CCVC?CC,C?CCVC?CCVC,sound,in,
m?zyan,m?zyanin,well,C?CCVC,C?CCVCVC,sound,in,
morahiq,morahiqin,teenager,CVCVCVC,CVCVCVCVC,sound,in,
mor???a?,mor???a?in,candidate,CVC?CCVC,CVC?CCVCVC,sound,in,
mottaham,mottahamin,accused,CVCCVCVC,CVCCVCVCVC,sound,in,
mudnib,mudnibin,guilty,CVCCVC,CVCCVCVC,sound,in,
muha?ir,muha?irin,immigrant,CVCVCVC,CVCVCVCVC,sound,in,
mu?amir,mu?amirin,adventurous,CVCVCVC,CVCVCVCVC,sound,in,
musta?ar,musta?arin,chancellor,CVCCVCVC,CVCCVCVCVC,sound,in,
must?hlik,must?hlikin,consumer,CVCC?CCVC,CVCC?CCVCVC,sound,in,
mu??llif,mu??llifin,author,CVC?CCVC,CVC?CCVCVC,sound,in,
mu??llim,mu??llimin,teacher,CVC?CCVC,CVC?CCVCVC,sound,in,
r??l,r??lin,leg,CC?C,C?CCVC,sound,in,
?amali,?amaliyyin,northern,CVCVCV,CVCVCVCCVC,sound,in,
xayn,xaynin,traitor,CVCC,CVCCVC,sound,in,
y?d,y?ddin,hand,C?C,C?CCVC,sound,in,
?unwan,?anawin,title,CVCCVC,CVCVCVC,sound,in,
?axor,?axrin,other,CVCVC,CVCCVC,sound,in,
riwa?i,riwa?iyin,novelist,CVCVCV,CVCVCVCVC,sound,in,
muxri?,muxri?in,film director,CVCCVC,CVCCVCVC,sound,in,
mum?ttil,mom?ttilin,actor,CVC?CCVC,CVC?CCVCVC,sound,in,
zwin,zwinin,beautiful,CCVC,CCVCVC,sound,in,
???bi,???biyin,popular,C?CCV,C?CCVCVC,sound,in,
mo??nni,mo??nniyin,singer,CVC?CCV,CVC?CCVCVC,sound,in,
limuni,limuniyin,orange,CVCVCV,CVCVCVCVC,sound,in,
q?hwi,q?hwiyin,brown,C?CCV,C?CCVCVC,sound,in,
quqi,quqiyin,purple,CVCV,CVCVCVC,sound,in,
Sf?r,S?frin,yellow,CC?C,C?CCVC,sound,in,
d?hbi,d?hbiyin,gold,C?CCV,C?CCVCVC,sound,in,
m??luq,m??luqin,dark,C?CCVC,C?CCVCVC,sound,in,
m?ftu?,m?ftu?in,light,C?CCVC,C?CCVCVC,sound,in,
m??mm??,m??mm?in,sunny,CC?CC?C,CC?CCCVC,sound,in,
r??l,r??lin,foot,CC?C,C?CCVC,sound,in,
y?dd,y?ddin,hand,C?CC,C?CCVC,sound,in,
?in,?inin,eye,CVC,CVCVC,sound,in,
wd?n,w?dnin,ear,CC?C,C?CCVC,sound,in,
muh?ndis,muh?ndisin,engineer,CVC?CCVC,CVC?CCVCVC,sound,in,
Sa?afi,Sa?afiyin,journalist,CVCVCV,CVCVCVCVC,sound,in,
mu?ami,mu?amiyin,lawyer,CVCVCV,CVCVCVCVC,sound,in,
bulisi,bulisiyin,cop,CVCVCV,CVCVCVCVC,sound,in,
moS?wwir,moS?wwirin,photographer,CVC?CCVC,CVC?CCVCVC,sound,in,
mosta?ar,mosta?arin,advisor,CVCCVCVC,CVCCVCVCVC,sound,in,
moqawil,moqawilin,entrepreneur,CVCVCVC,CVCVCVCVC,sound,in,
mow?DDaf,mow?DDafin,employee,CVC?CCVC,CVC?CCVCVC,sound,in,
x?rraz,x?rrazin,shoemaker,C?CCVC,C?CCVCVC,sound,in,
mo??lliq,mo??lliqin,sports commentator,CVC?CCVC,CVC?CCVCVC,sound,in,
moha?im,moha?imin,attacker,CVCVCVC,CVCVCVCVC,sound,in,
modafi?,modafi?in,defender,CVCVCVC,CVCVCVCVC,sound,in,
mud?rrib,mud?rribin,coach,CVC?CCVC,CVC?CCVCVC,sound,in,
biyya?,biyya?a,seller,CVCCVC,CVCCVCV,sound,a,
??rray,??rraya,buyer,C?CCVC,C?CCVCV,sound,a,
b?znas,bznasa,drug dealer,C?CCVC,CCCVCV,sound,a,
kliyan,kliyana,client,CCVCVC,CCVCVCV,sound,a,
????am,????ama,barber,C?CCVC,C?CCVCV,sound,a,
??llaq,??llaqa,barber,C?CCVC,C?CCVCV,sound,a,
g?zzar,g?zzara,butcher,C?CCVC,C?CCVCV,sound,a,
f?nnan,f?nnana,artist,C?CCVC,C?CCVCV,sound,a,
trisyan,trisyana,electrician,CCVCCVC,CCVCCVCV,sound,a,
f?lla?,f?lla?a,peasant,C?CCVC,C?CCVCV,sound,a,
?adarmi,?adarmiya,gendarme,CVCVCCV,CVCVCCVCV,sound,a,
r?ssam,r?ssama,painter,C?CCVC,C?CCVCV,sound,a,
s?rbay,s?rbaya,waiter,C?CCVC,C?CCVCV,sound,a,
x?yyaT,x?yyaTa,tailor,C?CCVC,C?CCVCV,sound,a,
plombi,plombiya,plumber,CCVCCV,CCVCCVCV,sound,a,
x?DDar,x?DDara,greengrocer,C?CCVC,C?CCVCV,sound,a,
n???ar,n???ara,carpenter,C?CCVC,C?CCVCV,sound,a,
?rayfi,?rayfiya,craftsperson,CCVCCV,CCVCCVCV,sound,a,
S?bba?,S?bba?a,painter,C?CCVC,C?CCVCV,sound,a,
n???at,n???ata,sculptor,C?CCVC,C?CCVCV,sound,a,
?ifor,?ifora,driver,CVCVC,CVCVCV,sound,a,
???a?,???a?a,cheater,CCCVC,CCCVCV,sound,a,
f?nnan,f?nnana,artist,C?CCVC,C?CCVCV,sound,a,
??bbas,??bbasa,prisoner,C?CCVC,C?CCVCV,sound,a,
??rrag,??rraga,illegal immigrant,C?CCVC,C?CCVCV,sound,a,
l???ab,l???aba,player,C?CCVC,C?CCVCV,sound,a,
S?bbar,S?bbara,patient,C?CCVC,C?CCVCV,sound,a,
??ffar,??ffara,thief,C?CCVC,C?CCVCV,sound,a,
gardkor,gardkora,bodyguard,CVCCCVC,CVCCCVCV,sound,a,
burs,leburs,grant,CVCC,CVCVCC,,,le
capita?,lecapita?,captain,CVCVCV,CVCVCVCV,,,le
deser,ledeser,fruit,CVCVC,CVCVCVC,,,le
eksper,lezeksper,expert,VCCCVC,CVCVCCCVC,,,le
gazo?,legazo?,grass,CVCV,CVCVCV,,,le
gid,legid,guide,CVC,CVCVC,,,le
karyer,lekaryer,career,CVCCVC,CVCVCCVC,,,le
klian,leklian,consumer,CCVVC,CVCCVVC,,,le
konSir,lekonSir,cancer,CVCCVC,CVCVCCVC,,,le
konTakt,lekonTakt,contact,CVCCVCC,CVCVCCVCC,,,le
magaza,lemagaza,store,CVCVCV,CVCVCVCV,,,le
ontx?tya?,lezontx?tya?,interview,VCCC?CCV,CVCVCCC?CCV,,,le
pisin,lepisin,pool,CVCVC,CVCVCVC,,,le
pla?,lepla?,beach,CCVC,CVCCVC,,,le
plizir,leplizir,pleasure,CCVCVC,CVCCVCVC,,,le
prof,leprof,professor,CCVC,CVCCVC,,,le
program,leprogram,program,CCVCCVC,CVCCVCCVC,,,le
rezo,lerezo,network,CVCV,CVCVCV,,,le
ri?im,leri?im,diet,CVCVC,CVCVCVC,,,le
?ar?ur,le?ar?ur,charger,CVCCVC,CVCVCCVC,,,le
seks,leseks,sex,CVCC,CVCVCC,,,le
SolD,leSolD,sale,CVCC,CVCVCC,,,le
Sonri,leSonri,tone,CVCCV,CVCVCCV,,,le
sTasyo?,lesTasyo?,station,CCVCCV,CVCCVCCV,,,le
tekst,letekst,text,CVCCC,CVCVCCC,,,le
tro?spor,letro?spor,transport,CCVCCVC,CVCCVCCVC,,,le
vol,levol,flight,CVC,CVVVC,,,le
wikand,lewikand,weekend,CVCVCC,CVCVCVCC,,,le
?aSora?S,lezaSora?S,insurance,CVCVCVC,CVCVCVCVC,,,le
?avo?ta?,lezavo?ta?,advantage,CVCVCVC,CVCVCVCVC,,,le
krvet,lekrvet,shrimps,CCVCVC,CVCCVCVC,,,le
pyano,lepyano,piano,CCVCV,CVCCVCV,,,le
gitar,legitar,guitar,CVCVC,CVCVCVC,,,le
lasal,lesal,gym,CVCVC,CVCVC,,,le
