singular	plural	gloss	singular_pattern	plural_pattern	plural_type
ʃəmʃ	ʃmuʃat	sun	CəCC	CCuCat	both
zit	zyutat	oil	CiC	CCuCat	both
xala	xwalat	aunt	CaCa	CCaCat	both
ʕajla	ʕjalat	women	CaCCa	CCaCat	both
ʃʕərˤ	ʃʕurˤat	hair	CCəC	CCuCat	both
dəmm	dmajat	blood	CəCC	CCaCat	both
sˤəhdˤ	sˤhudˤat	heat	CəCC	CCuCat	both
ʃəmʃ	ʃmuʃat	sun	CəCC	CCuCat	both
ʕəmma	ʕmamat	aunt	CəCCa	CCaCat	both
ʔuxt	xwatat	sister	CuCC	CCaCat	both
sxun	sxanin	hot	CCuC	CcaCin	both
mul	mmalin	owner	CuC	CcaCin	both
ʔinsan	nas	human	CiCCaC	CaC	broken
sijjəd	sada	gentleman	CiCCəC	CaCa	broken
ʔab	ʔabaʔ	father	CaC	CaCaC	broken
raʔj	ʔaraʔ	opinion	CaCC	CaCaC	broken
ʃabb	ʃabab	youngster	CaCC	CaCaC	broken
tˤalib	tˤalaba	student	CaCiC	CaCaCa	broken
xalija	xalaja	cell	CaCiCa	CaCaCa	broken
zawija	zawaja	angle	CaCiCa	CaCaCa	broken
dˤaħijja	dˤaħaja	victim	CaCiCCa	CaCaCa	broken
qanat	qanawat	channel	CaCaC	CaCaCaC	broken
ʔadat	ʔadawat	instrument	CaCaC	CaCaCaC	broken
madda	mawadd	subjects	CaCCa	CaCaCC	broken
muhimma	mahamm	mission	CuCiCCa	CaCaCC	broken
ʔard	ʔaradi	land	CaCC	CaCaCi	broken
nadi	nawadi	club	CaCi	CaCaCi	broken
tanija	tawani	second	CaCiCa	CaCaCi	broken
məʕna	maʕani	sense	CəCCa	CaCaCi	broken
ʔuʁnijja	ʔaʁani	song	CuCCiCCa	CaCaCi	broken
ʕalam	ʕawalim	world	CaCaC	CaCaCiC	broken
ʔamr	ʔawamir	command	CaCC	CaCaCiC	broken
ʔarmala	ʔaramil	widow	CaCCaCa	CaCaCiC	broken
mawqif	mawaqif	attitude	CaCCiC	CaCaCiC	broken
mawhiba	mawahib	talent	CaCCiCa	CaCaCiC	broken
maʕrifa	maʕarif	knowledge	CaCCiCa	CaCaCiC	broken
badil	badaʔil	alternative	CaCiC	CaCaCiC	broken
dˤamir	dˤamaʔir	conscience	CaCiC	CaCaCiC	broken
rabitˤ	rawabitˤ	link	CaCiC	CaCaCiC	broken
ʃariʕ	ʃawariʕ	avenue	CaCiC	CaCaCiC	broken
tarix	tawarix	history	CaCiC	CaCaCiC	broken
ʒanib	ʒawanib	aspect	CaCiC	CaCaCiC	broken
ʕamil	ʕawamil	factor	CaCiC	CaCaCiC	broken
baxirˤa	bawaxirˤ	ship	CaCiCa	CaCaCiC	broken
dˤariba	dˤaraʔib	tax	CaCiCa	CaCaCiC	broken
fasˤila	fawasˤil	comma	CaCiCa	CaCaCiC	broken
fasˤila	fasˤaʔil	species	CaCiCa	CaCaCiC	broken
faʔida	fawaʔid	interest	CaCiCa	CaCaCiC	broken
ħadita	ħawadit	incident	CaCiCa	CaCaCiC	broken
ħaqiqa	ħaqaʔiq	fact	CaCiCa	CaCaCiC	broken
kanisa	kanaʔis	church	CaCiCa	CaCaCiC	broken
karita	kawarit	disaster	CaCiCa	CaCaCiC	broken
laʔiħa	lawaʔiħ	list	CaCiCa	CaCaCiC	broken
nasˤiħa	nasˤaʔiħ	advice	CaCiCa	CaCaCiC	broken
natiʒa	nataʔiʒ	result	CaCiCa	CaCaCiC	broken
qaʕida	qawaʕid	rule	CaCiCa	CaCaCiC	broken
wadˤifa	wadˤaʔif	function	CaCiCa	CaCaCiC	broken
watiqa	wataʔiq	document	CaCiCa	CaCaCiC	broken
xaritˤa	xaraʔitˤ	map	CaCiCa	CaCaCiC	broken
ʒarida	ʒaraʔid	newspaper	CaCiCa	CaCaCiC	broken
ʒarima	ʒaraʔim	crime	CaCiCa	CaCaCiC	broken
ʒaʔiza	ʒawaʔiz	award	CaCiCa	CaCaCiC	broken
ʕasˤima	ʕawasˤim	capital	CaCiCa	CaCaCiC	broken
qanun	qawanin	law	CaCuC	CaCaCiC	broken
xsˤara	xasaʔir	loss	CCaCa	CaCaCiC	broken
mədbaħa	madabiħ	massacre	CəCCaCa	CaCaCiC	broken
mədˤrasˤa	madaris	school	CəCCaCa	CaCaCiC	broken
məħkama	maħakim	court	CəCCaCa	CaCaCiC	broken
məntˤaqa	manatˤiq	region	CəCCaCa	CaCaCiC	broken
mərħala	maraħil	stage	CəCCaCa	CaCaCiC	broken
məsˤlaħa	masˤaliħ	interest	CəCCaCa	CaCaCiC	broken
məsʔala	masaʔil	issue	CəCCaCa	CaCaCiC	broken
məʒzara	maʒazir	massacre	CəCCaCa	CaCaCiC	broken
məʕraka	maʕarik	battle	CəCCaCa	CaCaCiC	broken
bərˤnamaʒ	barˤamiʒ	program	CəCCaCaC	CaCaCiC	broken
məbdiʔ	mabadiʔ	principle	CəCCiC	CaCaCiC	broken
məbləʁ	mabaliʁ	amount	CəCCəC	CaCaCiC	broken
mədˤhər	madˤahir	appearance	CəCCəC	CaCaCiC	broken
mədxəl	madaxil	entry	CəCCəC	CaCaCiC	broken
mənbəʕ	manabiʕ	source	CəCCəC	CaCaCiC	broken
məndˤər	manadˤir	view	CəCCəC	CaCaCiC	broken
məqʕəd	maqaʕid	seat	CəCCəC	CaCaCiC	broken
mərkəz	marakiz	centre	CəCCəC	CaCaCiC	broken
məsˤdˤər	masˤadˤir	reference	CəCCəC	CaCaCiC	broken
məsˤrəħ	masariħ	theater	CəCCəC	CaCaCiC	broken
məʃhəd	maʃahid	scene	CəCCəC	CaCaCiC	broken
mətħəf	mataħif	museum	CəCCəC	CaCaCiC	broken
məʕdən	maʕadin	metal	CəCCəC	CaCaCiC	broken
məʕhəd	maʕahid	institute	CəCCəC	CaCaCiC	broken
təʕləb	taʕalib	fox	CəCCəC	CaCaCiC	broken
mərʒiʕ	maraʒiʕ	reference	CəCCiC	CaCaCiC	broken
məwqiʕ	mawaqiʕ	location	CəCCiC	CaCaCiC	broken
məwʕid	mawaʕid	appointment	CəCCiC	CaCaCiC	broken
məʒlis	maʒalis	assembly	CəCCiC	CaCaCiC	broken
məʕridˤ	maʕaridˤ	exhibition	CəCCiC	CaCaCiC	broken
dəlfin	dalafin	dolphin	CəCCiC	CaCaCiC	broken
məwqif	mawaqif	position	CəCCiC	CaCaCiC	broken
təfsˤil	tafasˤil	detail	CəCCiC	CaCaCiC	broken
təlmid	talamid	student	CəCCiC	CaCaCiC	broken
təmrin	tamarin	exercise	CəCCiC	CaCaCiC	broken
təqlid	taqalid	tradition	CəCCiC	CaCaCiC	broken
təqrir	taqarir	report	CəCCiC	CaCaCiC	broken
təʕbir	taʕabir	expression	CəCCiC	CaCaCiC	broken
təʒriba	taʒarib	experience	CəCCiCa	CaCaCiC	broken
məsˤruf	masˤarif	expenditure	CəCCuC	CaCaCiC	broken
məʃruʕ	maʃariʕ	project	CəCCuC	CaCaCiC	broken
məwdˤuʕ	mawadˤiʕ	subject	CəCCuC	CaCaCiC	broken
ʒəmhur	ʒamahir	audience	CəCCuC	CaCaCiC	broken
mədxul	madaxil	income	CəCCuC	CaCaCiC	broken
məfhum	mafahim	notion	CəCCuC	CaCaCiC	broken
məʒmuʕ	maʒamiʕ	sum	CəCCuC	CaCaCiC	broken
risala	rasaʔil	message	CiCaCa	CaCaCiC	broken
miqdar	maqadir	ingredients	CiCCaC	CaCaCiC	broken
miʕjar	maʕajir	standard	CiCCaC	CaCaCiC	broken
sinʒab	sanaʒib	squirrel	CiCCaC	CaCaCiC	broken
timsaħ	tamasiħ	crocodile	CiCCaC	CaCaCiC	broken
ʔiħsas	ʔaħasis	feeling	CiCCaC	CaCaCiC	broken
burˤkan	barˤakin	volcano	CuCCaC	CaCaCiC	broken
ʕusˤfur	ʕasˤafir	bird	CuCCuC	CaCaCiC	broken
musˤiba	masˤaʔib	tragedy	CuCiCa	CaCaCiC	broken
xuffaʃ	xafafiʃ	bat	CuCCaC	CaCaCiC	broken
ʔuslub	ʔasalib	style	CuCCuC	CaCaCiC	broken
ʒumʒuma	ʒamaʒim	skull	CuCCuCa	CaCaCiC	broken
firʕawn	faraʕina	pharaoh	CiCCaCC	CaCaCiCa	broken
ʔustad	ʔasatida	teacher	CuCCaC	CaCaCiCa	broken
dalil	ʔadilla	proof	CaCiC	CaCiCCa	broken
fas	ffas	ax	CaC	CCaC	broken
xal	xwal	uncle	CaC	CCaC	broken
ʕam	ʕwam	year	CaC	CCaC	broken
raʒəl	rʒal	man	CaCəC	CCaC	broken
sˤaħəb	sˤħab	friend	CaCəC	CCaC	broken
bʁəl	bʁal	mule	CCəC	CCaC	broken
fxədˤ	fxadˤ	thigh	CCəC	CCaC	broken
ktəf	ktaf	shoulder	CCəC	CCaC	broken
ʃkəl	ʃkal	shape	CCəC	CCaC	broken
wʃəm	wʃam	tattoo	CCəC	CCaC	broken
ʒbəl	ʒbal	mountain	CCəC	CCaC	broken
ʒməl	ʒmal	camel	CCəC	CCaC	broken
mridˤ	mradˤ	ill	CCiC	CCaC	broken
nsib	nsab	family-in-law	CCiC	CCaC	broken
ʒdid	ʒdad	new	CCiC	CCaC	broken
bənt	bnat	girl	CəCC	CCaC	broken
fəxx	fxax	trap	CəCC	CCaC	broken
ħənk	ħnak	cheek	CəCC	CCaC	broken
kəlb	klab	dog	CəCC	CCaC	broken
qənt	qnat	corner	CəCC	CCaC	broken
wəld	wlad	boy	CəCC	CCaC	broken
wəqt	wqat	time	CəCC	CCaC	broken
ʕəmm	ʕmam	uncle	CəCC	CCaC	broken
ʕənq	ʕnaq	neck	CəCC	CCaC	broken
mətla	mtal	proverb	CəCCa	CCaC	broken
nəqtˤa	nqatˤ	point	CəCCa	CCaC	broken
sənna	snan	tooth	CəCCa	CCaC	broken
wərqa	wraq	paper	CəCCa	CCaC	broken
dib	djab	wolf	CiC	CCaC	broken
riħ	rjaħ	wind	CiC	CCaC	broken
ʕid	ʕjad	feast	CiC	CCaC	broken
dˤu	dˤwaw	light	Cu	CCaC	broken
gul	gwal	goalkeeper	CuC	CCaC	broken
lun	lwan	colour	CuC	CCaC	broken
mus	mmas	knife	CuC	CCaC	broken
ruħ	rwaħ	spirit	CuC	CCaC	broken
sˤuq	sˤwaq	market	CuC	CCaC	broken
jum	jjam	day	CuC	CCaC	broken
muʒa	mwaʒ	wave	CuCa	CCaC	broken
fumm	ffam	mouth	CuCC	CCaC	broken
muʃʃ	mʃaʃ	cat	CuCC	CCaC	broken
ʕung	ʕnag	neck	CuCC	CCaC	broken
nuqtˤa	nqatˤ	rate	CuCCa	CCaC	broken
ləħja	lħaja	beard	CəCCa	CCaCa	broken
nəsˤrani	nsˤara	christian	CəCCaCi	CCaCa	broken
fərdi	frada	gun	CəCCi	CCaCa	broken
ħəwli	ħwala	sheep	CəCCi	CCaCa	broken
ʕəzri	ʕzara	single	CəCCi	CCaCa	broken
kursi	krasa	chair	CuCCi	CCaCa	broken
mxədda	mxadd	pillow	CCəCCa	CCaCC	broken
disk	djask	song	CiCC	CCaCC	broken
nəglizi	ngalza	english	CəCCiCi	CCaCCa	broken
ʕəskər	ʕsakrija	army	CəCCəC	CCaCCiCa	broken
ħaʒa	ħwajəʒ	thing	CaCa	CCaCəC	broken
saʕa	swajəʕ	hour	CaCa	CCaCəC	broken
tˤanga	tˤwanəg	earring	CaCCa	CCaCəC	broken
ʕaʃqa	ʕwaʃəq	spoon	CaCCa	CCaCəC	broken
ʃarəb	ʃwarəb	moustache	CaCəC	CCaCəC	broken
xatəm	xwatəm	ring	CaCəC	CCaCəC	broken
ʒaməʕ	ʒwaməʕ	mosque	CaCəC	CCaCəC	broken
kaʁitˤ	kwaʁətˤ	paper	CaCiC	CCaCəC	broken
tˤaʒin	tˤwaʒən	Tagine	CaCiC	CCaCəC	broken
kasˤitˤa	kwasˤətˤ	tape	CaCiCa	CCaCəC	broken
qamiʒa	qwaməʒ	shirt	CaCiCa	CCaCəC	broken
ʒakitˤa	ʒwakətˤ	jacket	CaCiCa	CCaCəC	broken
ħanut	ħwanət	grocery store	CaCuC	CCaCəC	broken
qadus	qwadəs	sewer	CaCuC	CCaCəC	broken
sarut	swarət	key	CaCuC	CCaCəC	broken
ʒnaħ	ʒnawəħ	wing	CCaC	CCaCəC	broken
blaka	blajək	panel	CCaCa	CCaCəC	broken
blasˤa	blajəsˤ	place	CCaCa	CCaCəC	broken
gnaza	gnajəz	funeral	CCaCa	CCaCəC	broken
mkəħla	mkaħəl	rifle	CCəCCa	CCaCəC	broken
mtˤərqa	mtˤarəq	hammer	CCəCCa	CCaCəC	broken
ħfid	ħfajəd	grandchild	CCiC	CCaCəC	broken
priz	prajəz	power plug	CCiC	CCaCəC	broken
qbila	qbajəl	tribe	CCiCa	CCaCəC	broken
bhima	bhajəm	cattle	CCiCa	CCaCəC	broken
dˤqiqa	dˤqajəq	minute	CCiCa	CCaCəC	broken
ħdida	ħdajəd	piece ofiron	CCiCa	CCaCəC	broken
ksida	ksajəd	accident	CCiCa	CCaCəC	broken
rtila	rtajəl	spider	CCiCa	CCaCəC	broken
rwidˤa	rwajədˤ	wheel	CCiCa	CCaCəC	broken
mʕilqa	mʕaləq	spoon	CCiCCa	CCaCəC	broken
fluka	flajək	boat	CCuCa	CCaCəC	broken
fəʕla	fʕajəl	act	CəCCa	CCaCəC	broken
bəztˤam	bzatˤəm	wallet	CəCCaC	CCaCəC	broken
dˤəftar	dˤfatər	notebook	CəCCaC	CCaCəC	broken
dəxxan	dxaxən	smoke	CəCCaC	CCaCəC	broken
fərran	frarən	oven	CəCCaC	CCaCəC	broken
məsˤmar	msˤamər	nail	CəCCaC	CCaCəC	broken
məsˤran	msˤarən	intestine	CəCCaC	CCaCəC	broken
qəftˤan	qfatˤən	qafTan	CəCCaC	CCaCəC	broken
sˤəbbat	sˤbabət	shoe	CəCCaC	CCaCəC	broken
səkkar	skakər	sugar	CəCCaC	CCaCəC	broken
sərwal	srawəl	pants	CəCCaC	CCaCəC	broken
ʕəkkaz	ʕkakəz	crutch	CəCCaC	CCaCəC	broken
dˤəwwara	dˤwawər	circle	CəCCaCa	CCaCəC	broken
nədˤdˤara	ndˤadˤər	glasses	CəCCaCa	CCaCəC	broken
nəffaxa	nfafəx	balloon	CəCCaCa	CCaCəC	broken
ʃəkkara	ʃkajər	bag	CəCCaCa	CCaCəC	broken
təlfaza	tlafəz	television	CəCCaCa	CCaCəC	broken
tˤəjjara	tˤjajər	plane	CəCCaCa	CCaCəC	broken
sənsla	snasəl	necklace	CəCCCa	CCaCəC	broken
dərhəm	drahəm	dirham	CəCCəC	CCaCəC	broken
fəndəq	fnadəq	hotel	CəCCəC	CCaCəC	broken
məʕməl	mʕaməl	factory	CəCCəC	CCaCəC	broken
ʃərʒəm	ʃraʒəm	window	CəCCəC	CCaCəC	broken
ʕəgrəb	ʕgarəb	scorpion	CəCCəC	CCaCəC	broken
sərbis	srabəs	service	CəCCiC	CCaCəC	broken
tˤəbsˤil	tˤbasˤəl	plate	CəCCiC	CCaCəC	broken
fərʃitˤa	fraʃətˤ	fork	CəCCiCa	CCaCəC	broken
təkʃitˤa	tkaʃətˤ	takchiTa	CəCCiCa	CCaCəC	broken
təqʃira	tqaʃər	socks	CəCCiCa	CCaCəC	broken
təsˤwira	tsˤawər	picture	CəCCiCa	CCaCəC	broken
zərriʕa	zrarəʕ	seed	CəCCiCa	CCaCəC	broken
kəbbutˤ	kbabətˤ	coat	CəCCuC	CCaCəC	broken
sˤəndˤuq	sˤnadˤəq	box	CəCCuC	CCaCəC	broken
bərbuʃ	brabəʃ	snail	CəCCuC	CCaCəC	broken
fəkrun	fkarən	turtle	CəCCuC	CCaCəC	broken
fərruʒ	frarəʒ	cock	CəCCuC	CCaCəC	broken
gənfud	gnafəd	hedgehog	CəCCuC	CCaCəC	broken
ħəlluf	ħlaləf	pig	CəCCuC	CCaCəC	broken
səllum	slaləm	ladder	CəCCuC	CCaCəC	broken
tˤərˤbuʃ	tˤrˤabəʃ	hat	CəCCuC	CCaCəC	broken
qənbula	qnabəl	bomb	CəCCuCa	CCaCəC	broken
ʒiha	ʒwajəh	area	CiCa	CCaCəC	broken
ʃitˤan	ʃjatˤən	satan	CiCaC	CCaCəC	broken
ʃifurˤ	ʃjafərˤ	driver	CiCuC	CCaCəC	broken
mutˤur	mmatˤər	engine	CuCuC	CCaCəC	broken
musˤiqa	mmasˤəq	music	CuCiCa	CCaCəC	broken
ʕafja	ʕwafi	fire	CaCCa	CCaCi	broken
xamija	xwami	curtain	CaCiCa	CCaCi	broken
trəbja	trabi	education	CCəCCa	CCaCi	broken
bəlʁa	blaʁi	blgha	CəCCa	CCaCi	broken
fərqa	fraqi	team	CəCCa	CCaCi	broken
ħəfra	ħfari	hole	CəCCa	CCaCi	broken
ħəkma	ħkami	wisdom	CəCCa	CCaCi	broken
kəlwa	klawi	kidney	CəCCa	CCaCi	broken
kəswa	ksawi	dress	CəCCa	CCaCi	broken
məʃtˤa	mʃatˤi	comb	CəCCa	CCaCi	broken
qəhwa	qhawi	coffee	CəCCa	CCaCi	broken
rəkba	rkabi	knee	CəCCa	CCaCi	broken
rəʃwa	rʃawi	bribery	CəCCa	CCaCi	broken
sˤədˤfa	sˤdafi	button	CəCCa	CCaCi	broken
sˤəfħa	sˤfaħi	page	CəCCa	CCaCi	broken
sˤəħra	sˤħari	desert	CəCCa	CCaCi	broken
sˤəmtˤa	sˤmatˤi	belt	CəCCa	CCaCi	broken
tˤəbla	tˤbali	table	CəCCa	CCaCi	broken
xədma	xdami	job	CəCCa	CCaCi	broken
zənqa	znaqi	street	CəCCa	CCaCi	broken
ʒərda	ʒradi	garden	CəCCa	CCaCi	broken
ʒəʕba	ʒʕabi	commission	CəCCa	CCaCi	broken
qərʕa	qraʕi	bottle	CəCCa	CCaCi	broken
dərri	drari	guy	CəCCi	CCaCi	broken
zərbija	zrabi	carpet	CəCCiCa	CCaCi	broken
lila	ljali	night	CiCa	CCaCi	broken
mdˤəbbəb	mdˤəbbin	foggy	CCəCCəC	CCəCCVC	broken
dˤar	dˤjur	home	CaC	CCuC	broken
ʃahəd	ʃhud	witness	CaCəC	CCuC	broken
ħmar	ħmir	donkey	CCaC	CCuC	broken
ʒdər	ʒdur	root	CCəC	CCuC	broken
mdina	mdun	city	CCiCa	CCuC	broken
jhudi	jhud	Jewish	CCuCi	CCuC	broken
gərn	grun	corn	CəCC	CCuC	broken
dənb	dnub	sin	CəCC	CCuC	broken
gəns	gnus	sex	CəCC	CCuC	broken
ħədd	ħdud	limit	CəCC	CCuC	broken
ħərf	ħruf	letter	CəCC	CCuC	broken
nəfs	nfus	breath	CəCC	CCuC	broken
qərn	qrun	century	CəCC	CCuC	broken
sədd	sdud	dam	CəCC	CCuC	broken
sˤəff	sˤfuf	row	CəCC	CCuC	broken
təlʒ	tluʒ	snow	CəCC	CCuC	broken
ʒədd	ʒdud	grandfather	CəCC	CCuC	broken
ʒəld	ʒlud	skin	CəCC	CCuC	broken
ʒənn	ʒnun	demon	CəCC	CCuC	broken
ʕərq	ʕruq	race	CəCC	CCuC	broken
ʕərʃ	ʕruʃ	branch	CəCC	CCuC	broken
ʕəjn	ʕjun	eye	CəCC	CCuC	broken
dˤəlʕa	dˤluʕ	rib	CəCCa	CCuC	broken
dəmʕa	dmuʕ	tears	CəCCa	CCuC	broken
dˤərʒa	dˤruʒ	stairs	CəCCa	CCuC	broken
nəʒma	nʒum	star	CəCCa	CCuC	broken
ʕəʃba	ʕʃub	bush	CəCCa	CCuC	broken
nif	njuf	nose	CiC	CCuC	broken
ʒib	ʒjub	pocket	CiC	CCuC	broken
futˤa	ffutˤ	towel	CuCa	CCuC	broken
rasˤ	rjusˤ(a)	head	CaC	CCuC(a)	broken
qalam	qlum(a)	pencil	CaCaC	CCuC(a)	broken
ktab	ktub(a)	book	CCaC	CCuC(a)	broken
wʒəh	wʒuh(a)	face	CCəC	CCuC(a)	broken
bħərˤ	bħurˤ(a)	sea	CCəC	CCuC(a)	broken
ħnəʃ	ħnuʃ(a)	snake	CCəC	CCuC(a)	broken
mqəsˤ	mqusˤ(a)	scissors	CCəC	CCuC(a)	broken
mʒər	mʒur(a)	drawer	CCəC	CCuC(a)	broken
qbər	qbur(a)	grave	CCəC	CCuC(a)	broken
qsˤər	qsˤur(a)	palace	CCəC	CCuC(a)	broken
ʃhərˤ	ʃhurˤ(a)	month	CCəC	CCuC(a)	broken
sˤtˤər	sˤtˤur(a)	line	CCəC	CCuC(a)	broken
tˤir	tˤjur(a)	bird	CiC	CCuC(a)	broken
kərʃ	kruʃ(a)	abdomen	CəCC	CCuC(a)	broken
nəsˤsˤ	nsˤusˤ(a)	half	CəCC	CCuC(a)	broken
qəlb	qlub(a)	heart	CəCC	CCuC(a)	broken
xətˤtˤ	xtˤutˤ(a)	lane	CəCC	CCuC(a)	broken
dərb	drub(a)	alley	CəCC	CCuC(a)	broken
qərd	qrud(a)	monkey	CəCC	CCuC(a)	broken
bit	bjut(a)	room	CiC	CCuC(a)	broken
ħitˤ	ħjutˤ(a)	wall	CiC	CCuC(a)	broken
sif	sjuf(a)	sword	CiC	CCuC(a)	broken
sˤbaħ	sˤbuħa	morning	CCaC	CCuCa	broken
ʕʒəl	ʕʒula	calf	CCəC	CCuCa	broken
ʕdˤəm	ʕdˤuma	bone	CCəC	CCuCa	broken
tˤbəl	tˤbula	drum	CCəC	CCuCa	broken
sˤtˤəl	sˤtˤula	bucket	CCəC	CCuCa	broken
sˤtˤəħ	sˤtˤuħa	roof	CCəC	CCuCa	broken
sqəf	squfa	ceiling	CCəC	CCuCa	broken
sdər	sdura	chest	CCəC	CCuCa	broken
sbəʕ	sbuʕa	lion	CCəC	CCuCa	broken
rbəʕ	rbuʕa	quarter	CCəC	CCuCa	broken
nmər	nmura	tiger	CCəC	CCuCa	broken
mdˤəl	mdˤula	umbrella	CCəC	CCuCa	broken
dˤkər	dˤkura	male	CCəC	CCuCa	broken
dˤbəʕ	dˤbuʕa	hyena	CCəC	CCuCa	broken
tˤərˤf	tˤrˤufa	fraction	CəCC	CCuCa	broken
səlk	sluka	wire	CəCC	CCuCa	broken
ʃrik	ʃərka	partner	CCiC	CəCCa	broken
tˤbib	tˤəbba	doctor	CCiC	CəCCa	broken
ħaʒəb	ħəʒban	eyebrow	CaCəC	CəCCan	broken
draʕ	dərʕan	arm	CCaC	CəCCan	broken
dˤfər	dˤəfran	fingernail	CCəC	CəCCan	broken
sˤbəʕ	sˤəbʕan	finger	CCəC	CəCCan	broken
tˤriq	tˤərqan	road	CCiC	CəCCan	broken
ʕʃir	ʕəʃran	best friend	CCiC	CəCCan	broken
xruf	xərfan	sheep	CCuC	CəCCan	broken
ʕəwd	ʕəwdan	horse	CəCC	CəCCan	broken
qəlʕa	qilaʕ	castle	CəCCa	CiCaC	broken
qima	qijam	value	CiCa	CiCaC	broken
ħisˤsˤa	ħisˤasˤ	session	CiCCa	CiCaC	broken
minħa	minaħ	scholarship	CiCCa	CiCaC	broken
qisˤsˤa	qisˤasˤ	story	CiCCa	CiCaC	broken
fil	fijala	elephant	CiC	CiCaCa	broken
dubb	dibaba	bear	CuCC	CiCaCa	broken
barˤ	biran	bar	CaC	CiCan	broken
bab	biban	door	CaC	CiCan	broken
bak	bikan	baccalaureate	CaC	CiCan	broken
batˤ	bitˤan	armpit	CaC	CiCan	broken
far	firan	mouse	CaC	CiCan	broken
kas	kisan	cup	CaC	CiCan	broken
ʁar	ʁiran	cave	CaC	CiCan	broken
ʃaf	ʃifan	boss	CaC	CiCan	broken
ʃal	ʃilan	scarf	CaC	CiCan	broken
wad	widan	river	CaC	CiCan	broken
ʒar	ʒiran	neighbor	CaC	CiCan	broken
tur	tiran	bull	CuC	CiCan	broken
qadˤi	qudˤat	judge	CaCi	CuCaC	broken
dəwla	duwal	country	CəCCa	CuCaC	broken
sˤura	sˤuwar	picture	CuCa	CuCaC	broken
fursˤa	furasˤ	opportunity	CuCCa	CuCaC	broken
ruxsˤa	ruxasˤ	licence	CuCCa	CuCaC	broken
sˤultˤa	sˤulatˤ	authority	CuCCa	CuCaC	broken
xutˤtˤa	xutˤatˤ	plan	CuCCa	CuCaC	broken
ʕutˤla	ʕutˤal	holiday	CuCCa	CuCaC	broken
kutla	kutal	mass	CuCCa	CuCaC	broken
luʕba	luʕab	game	CuCCa	CuCaC	broken
nusxa	nusax	copy	CuCCa	CuCaC	broken
ʒumla	ʒumal	phrase	CuCCa	CuCaC	broken
ʔumma	ʔumam	nation	CuCCa	CuCaC	broken
faqir	fuqara	poor	CaCiC	CuCaCa	broken
raʔis	ruʔasa	president	CaCiC	CuCaCa	broken
safir	sufara	ambassador	CaCiC	CuCaCa	broken
ʃahid	ʃuhada	martyr	CaCiC	CuCaCa	broken
ʃaʕir	ʃuʕara	poet	CaCiC	CuCaCa	broken
wakil	wukala	prosecutor	CaCiC	CuCaCa	broken
wazir	wuzara	minister	CaCiC	CuCaCa	broken
dˤʕif	dˤuʕafa	weak	CCiC	CuCaCa	broken
xabir	xubaraʔ	expert	CaCiC	CuCaCaC	broken
ʔamir	ʔumaraʔ	prince	CaCiC	CuCaCaC	broken
mudir	mudaraʔ	director	CuCiC	CuCaCaC	broken
ħakam	ħukkam	referee	CaCaC	CuCCaC	broken
qajəd	qujjad	major	CaCəC	CuCCaC	broken
katəb	kuttab	writer	CaCəC	CuCCaC	broken
dˤabitˤ	dˤubbatˤ	officer	CaCiC	CuCCaC	broken
qariʔ	qurraʔ	reader	CaCiC	CuCCaC	broken
saʔiħ	sujjaħ	tourist	CaCiC	CuCCaC	broken
bjədˤ	bujədˤ	white	CCəC	CuCəC	broken
ħmər	ħumər	red	CCəC	CuCəC	broken
kħəl	kuħəl	black	CCəC	CuCəC	broken
xdˤər	xudˤər	green	CCəC	CuCəC	broken
zrəq	zurəq	blue	CCəC	CuCəC	broken
fasˤl	fusˤul	chapter	CaCC	CuCuC	broken
kasr	kusur	fraction	CaCC	CuCuC	broken
rasˤm	rusˤum	drawing	CaCC	CuCuC	broken
wafd	wufud	delegation	CaCC	CuCuC	broken
malik	muluk	king	CaCiC	CuCuC	broken
tˤariqa	tˤuruq	method	CaCiCa	CuCuC	broken
ʒazira	ʒuzur	island	CaCiCa	CuCuC	broken
nsər	nusur	eagle	CCəC	CuCuC	broken
bəħt	buħut	research	CəCC	CuCuC	broken
dˤərf	dˤuruf	circumstance	CəCC	CuCuC	broken
dˤərsˤ	dˤurusˤ	course	CəCC	CuCuC	broken
dˤəʁtˤ	dˤuʁutˤ	pressure	CəCC	CuCuC	broken
fəhd	fuhud	leopard	CəCC	CuCuC	broken
fəħsˤ	fuħusˤ	examination	CəCC	CuCuC	broken
fənn	funun	art	CəCC	CuCuC	broken
fərq	furuq	difference	CəCC	CuCuC	broken
ħəll	ħulul	solution	CəCC	CuCuC	broken
ħəqq	ħuquq	right	CəCC	CuCuC	broken
ħərb	ħurub	war	CəCC	CuCuC	broken
qərdˤ	qurudˤ	loan	CəCC	CuCuC	broken
rəmz	rumuz	symbol	CəCC	CuCuC	broken
ʃəkk	ʃukuk	doubt	CəCC	CuCuC	broken
ʃərtˤ	ʃurutˤ	clause	CəCC	CuCuC	broken
tˤəqsˤ	tˤuqusˤ	weather	CəCC	CuCuC	broken
ʕəqd	ʕuqud	contract	CəCC	CuCuC	broken
ʕərdˤ	ʕurudˤ	display	CəCC	CuCuC	broken
rəsˤma	rusˤum	painting	CəCCa	CuCuC	broken
ʕilm	ʕulum	science	CiCC	CuCuC	broken
ʔax	ʔixwan	brother	CaC	ʔaCCaC	broken
ħala	ʔaħwal	status	CaCa	ʔaCCaC	broken
batˤal	ʔabtˤal	hero	CaCaC	ʔaCCaC	broken
hadaf	ʔahdaf	goal	CaCaC	ʔaCCaC	broken
laqab	ʔalqab	title	CaCaC	ʔaCCaC	broken
marad	ʔamrad	disease	CaCaC	ʔaCCaC	broken
qamar	ʔaqmar	moon	CaCaC	ʔaCCaC	broken
ʁaradˤ	ʔaʁradˤ	aim	CaCaC	ʔaCCaC	broken
sabab	ʔasbab	reason	CaCaC	ʔaCCaC	broken
xatˤar	ʔaxtˤar	danger	CaCaC	ʔaCCaC	broken
xatˤaʔ	ʔaxtˤaʔ	error	CaCaC	ʔaCCaC	broken
ʒasad	ʔaʒsad	body	CaCaC	ʔaCCaC	broken
dˤawr	ʔadˤwar	role	CaCC	ʔaCCaC	broken
ħaʒm	ʔaħʒam	volume	CaCC	ʔaCCaC	broken
raqm	ʔarqam	figure	CaCC	ʔaCCaC	broken
sahm	ʔashum	shares	CaCC	ʔaCCaC	broken
zbəl	ʔazbal	waste	CCəC	ʔaCCaC	broken
fərdˤ	ʔafradˤ	individual	CəCC	ʔaCCaC	broken
mərdˤ	ʔamradˤ	disease	CəCC	ʔaCCaC	broken
ʃəxsˤ	ʔaʃxasˤ	person	CəCC	ʔaCCaC	broken
wəsˤf	ʔawsˤaf	description	CəCC	ʔaCCaC	broken
din	ʔadjan	religion	CiC	ʔaCCaC	broken
ʒil	ʔaʒjal	generation	CiC	ʔaCCaC	broken
film	ʔaflam	film	CiCC	ʔaCCaC	broken
ħizb	ʔaħzab	party	CiCC	ʔaCCaC	broken
qism	ʔaqsam	class	CiCC	ʔaCCaC	broken
ʃiʕr	ʔaʃʕar	poetry	CiCC	ʔaCCaC	broken
ʒins	ʔaʒnas	sex	CiCC	ʔaCCaC	broken
ʒism	ʔaʒsam	body	CiCC	ʔaCCaC	broken
fikra	ʔafkar	idea	CiCCa	ʔaCCaC	broken
ʕudr	ʔaʕdar	excuse	CuCC	ʔaCCaC	broken
ʕudˤw	ʔaʕdˤaʔ	member	CuCC	ʔaCCaC	broken
nuʕ	ʔanwaʕ	type	CuC	ʔaCCaC	broken
buʕd	ʔabʕad	dimension	CuCC	ʔaCCaC	broken
ħukm	ʔaħkam	sentence	CuCC	ʔaCCaC	broken
ʕumq	ʔaʕmaq	depth	CuCC	ʔaCCaC	broken
taman	ʔatmina	price	CaCaC	ʔaCCiCa	broken
ʒawab	ʔaʒwiba	answer	CaCaC	ʔaCCiCa	broken
dmaʁ	ʔadmiʁa	brain	CCaC	ʔaCCiCa	broken
slaħ	ʔasliħa	weapon	CCaC	ʔaCCiCa	broken
mital	ʔamtila	example	CiCaC	ʔaCCiCa	broken
nidˤam	ʔandˤima	system	CiCaC	ʔaCCiCa	broken
ʒadarmi	ʒadarmiya	gendarme	CaCaCCi	CaCaCCiCa	sound -a
gardkur	gardkura	bodyguard	CaCCCuC	CaCCCuCa	sound -a
ħrayfi	ħrayfiya	craftsperson	CCaCCi	CCaCCiCa	sound -a
ʁʃʃaʃ	ʁʃʃaʃa	cheater	CCCaC	CCCaCa	sound -a
bəznas	bznasa	drug dealer	CəCCaC	CCCaCa	sound -a
kliyan	kliyana	client	CCiCaC	CCiCaCa	sound -a
trisyan	trisyana	electrician	CCiCCaC	CCiCCaCa	sound -a
plumbi	plumbiya	plumber	CCuCCi	CCuCCiCa	sound -a
ʃərray	ʃərraya	buyer	CəCCaC	CəCCaCa	sound -a
ħəʒʒam	ħəʒʒama	barber	CəCCaC	CəCCaCa	sound -a
ħəllaq	ħəllaqa	barber	CəCCaC	CəCCaCa	sound -a
gəzzar	gəzzara	butcher	CəCCaC	CəCCaCa	sound -a
fənnan	fənnana	artist	CəCCaC	CəCCaCa	sound -a
fəllaħ	fəllaħa	peasant	CəCCaC	CəCCaCa	sound -a
rəssam	rəssama	painter	CəCCaC	CəCCaCa	sound -a
sərbay	sərbaya	waiter	CəCCaC	CəCCaCa	sound -a
xəyyatˤ	xəyyatˤa	tailor	CəCCaC	CəCCaCa	sound -a
xədˤdˤar	xədˤdˤara	greengrocer	CəCCaC	CəCCaCa	sound -a
sˤəbbaʁ	sˤəbbaʁa	painter	CəCCaC	CəCCaCa	sound -a
fənnan	fənnana	artist	CəCCaC	CəCCaCa	sound -a
ħəbbas	ħəbbasa	prisoner	CəCCaC	CəCCaCa	sound -a
ħərrag	ħərraga	illegal immigrant	CəCCaC	CəCCaCa	sound -a
ləʕʕab	ləʕʕaba	player	CəCCaC	CəCCaCa	sound -a
sˤəbbar	sˤəbbara	patient	CəCCaC	CəCCaCa	sound -a
ʃəffar	ʃəffara	thief	CəCCaC	CəCCaCa	sound -a
biyyaʕ	biyyaʕa	seller	CiCCaC	CiCCaCa	sound -a
ʃifur	ʃifura	driver	CiCuC	CiCuCa	sound -a
nəʒʒar	nəʒʒara	carpenter	CəCCaC	nəCCaCa	sound -a
nəħħat	nəħħata	sculptor	CəCCaC	nəCCaCa	sound -a
ħayawan	ħayawanat	animal	CaCaCaC	CaCaCaCat	sound -at
ħayawan	ħayawanat	animal	CaCaCaC	CaCaCaCat	sound -at
fayadˤan	fayadˤanat	flood	CaCaCaC	CaCaCaCat	sound -at
fadˤaʔ	fadˤaʔat	space	CaCaC	CaCaCat	sound -at
maħal	maħalat	store	CaCaC	CaCaCat	sound -at
maqal	maqalat	article	CaCaC	CaCaCat	sound -at
maqam	maqamat	situation	CaCaC	CaCaCat	sound -at
masˤar	masˤarat	path	CaCaC	CaCaCat	sound -at
maʒal	maʒalat	scope	CaCaC	CaCaCat	sound -at
naʃatˤ	naʃatˤat	activity	CaCaC	CaCaCat	sound -at
naʒaħ	naʒaħat	success	CaCaC	CaCaCat	sound -at
qarar	qararat	decision	CaCaC	CaCaCat	sound -at
ʁaradˤ	ʁaradˤat	business	CaCaC	CaCaCat	sound -at
tˤalab	tˤalabat	request	CaCaC	CaCaCat	sound -at
xayal	xayalat	imagination	CaCaC	CaCaCat	sound -at
tˤalab	tˤalabat	demand	CaCaC	CaCaCat	sound -at
tˤalab	tˤalabat	application	CaCaC	CaCaCat	sound -at
sanad	sanadat	bonds	CaCaC	CaCaCat	sound -at
maħal	maħalat	shop	CaCaC	CaCaCat	sound -at
maqal	maqalat	essay	CaCaC	CaCaCat	sound -at
dˤaraʒa	dˤaraʒat	degree	CaCaCa	CaCaCat	sound -at
ħadˤara	ħadˤarat	civilization	CaCaCa	CaCaCat	sound -at
ħaraka	ħarakat	movement	CaCaCa	CaCaCat	sound -at
kafaʔa	kafaʔat	efficiency	CaCaCa	CaCaCat	sound -at
karama	karamat	dignity	CaCaCa	CaCaCat	sound -at
mahara	maharat	skill	CaCaCa	CaCaCat	sound -at
masafa	masafat	distance	CaCaCa	CaCaCat	sound -at
sˤadˤaqa	sˤadˤaqat	charity	CaCaCa	CaCaCat	sound -at
ʃaraka	ʃarakat	partnership	CaCaCa	CaCaCat	sound -at
taqafa	taqafat	culture	CaCaCa	CaCaCat	sound -at
wakala	wakalat	agency	CaCaCa	CaCaCat	sound -at
ʕadawa	ʕadawat	hate	CaCaCa	CaCaCat	sound -at
ʕalama	ʕalamat	sign	CaCaCa	CaCaCat	sound -at
ʕalaqa	ʕalaqat	relationship	CaCaCa	CaCaCat	sound -at
zarafa	zarafat	giraffe	CaCaCa	CaCaCat	sound -at
faraʃa	faraʃat	butterfly	CaCaCa	CaCaCat	sound -at
ħaʃara	ħaʃarat	insect	CaCaCa	CaCaCat	sound -at
taqafa	taqafat	culture	CaCaCa	CaCaCat	sound -at
ħadˤana	ħadˤanat	nursery school	CaCaCa	CaCaCat	sound -at
ʕadˤala	ʕadˤalat	muscle	CaCaCa	CaCaCat	sound -at
magana	maganat	clock	CaCaCa	CaCaCat	sound -at
tawra	tawarat	revolution	CaCCa	CaCaCat	sound -at
sma	samawat	sky	CCa	CaCaCat	sound -at
sma	samawat	sky	CCa	CaCaCat	sound -at
tərwa	tarawat	wealth	CəCCa	CaCaCat	sound -at
ʔəzma	ʔazamat	crisis	CəCCa	CaCaCat	sound -at
riħla	raħalat	trip	CiCCa	CaCaCat	sound -at
kamanʒa	kamanʒat	violin	CaCaCCa	CaCaCCat	sound -at
ʔaqalliyya	ʔaqalliyyat	minority	CaCaCCiCCa	CaCaCCiCCat	sound -at
məktəb	makatib	office	CəCCəC	CaCaCiC	sound -at
dˤustur	dasatir	constitution	CuCCuC	CaCaCiC	sound -at
ʔasasi	ʔasasiyat	basic	CaCaCi	CaCaCiCat	sound -at
nadˤariya	nadˤariyat	theory	CaCaCiCa	CaCaCiCat	sound -at
ʕamaliyya	ʕamaliyyat	process	CaCaCiCCa	CaCaCiCCat	sound -at
lavabu	lavabuwat	sink	CaCaCu	CaCaCuCat	sound -at
parabul	parabulat	tv receiver	CaCaCuC	CaCaCuCat	sound -at
tabadul	tabadulat	exchange	CaCaCuC	CaCaCuCat	sound -at
tawazun	tawazunat	balance	CaCaCuC	CaCaCuCat	sound -at
tamatul	tamatulat	symmetry	CaCaCuC	CaCaCuCat	sound -at
ħafa	ħafat	edge	CaCa	CaCat	sound -at
ħala	ħalat	case	CaCa	CaCat	sound -at
ʁaba	ʁabat	forest	CaCa	CaCat	sound -at
sˤala	sˤalat	hall	CaCa	CaCat	sound -at
ʃaʃa	ʃaʃat	screen	CaCa	CaCat	sound -at
tˤaqa	tˤaqat	energy	CaCa	CaCat	sound -at
ʕada	ʕadat	habit	CaCa	CaCat	sound -at
ʃaʃa	ʃaʃat	screen	CaCa	CaCat	sound -at
sˤaya	sˤayat	skirt	CaCa	CaCat	sound -at
ʁaba	ʁabat	forest	CaCa	CaCat	sound -at
ʒaʒa	ʒaʒat	piece of glass	CaCa	CaCat	sound -at
ħafa	ħafat	edge	CaCa	CaCat	sound -at
waħa	waħat	oasis	CaCa	CaCat	sound -at
xala	xalat	mole	CaCa	CaCat	sound -at
ħadat	ħadat	event	CaCaC	CaCat	sound -at
babbaʁaʔ	babbaʁaʔat	parrot	CaCCaCaC	CaCCaCaCat	sound -at
tayyar	tayyarat	flow	CaCCaC	CaCCaCat	sound -at
ʔawlawiyya	ʔawlawiyyat	priority	CaCCaCiCCa	CaCCaCiCCat	sound -at
dˤaynasˤur	dˤaynasˤurat	dinosaur	CaCCaCuC	CaCCaCuCat	sound -at
kabl	kablat	cable	CaCC	CaCCat	sound -at
matʃ	matʃat	match	CaCC	CaCCat	sound -at
banka	bankat	bank	CaCCa	CaCCat	sound -at
kartˤa	kartˤat	card	CaCCa	CaCCat	sound -at
makla	maklat	food	CaCCa	CaCCat	sound -at
mantˤa	mantˤat	blanket	CaCCa	CaCCat	sound -at
banka	bankat	bank	CaCCa	CaCCat	sound -at
karta	kartat	cards	CaCCa	CaCCat	sound -at
wəqt	ʔawqat	time	CəCC	CaCCat	sound -at
sˤut	ʔasˤwat	voice	CuC	CaCCat	sound -at
ʔapplikasyũ	ʔapplikasyunat	application	CaCCCiCaCCũ	CaCCCiCaCCuCat	sound -at
marʃi	marʃiyat	market	CaCCi	CaCCiCat	sound -at
ladrisa	ladrisat	address	CaCCiCa	CaCCiCat	sound -at
ʕayyina	ʕayyinat	sample	CaCCiCa	CaCCiCat	sound -at
batri	batriyyat	battery	CaCCi	CaCCiCCat	sound -at
xasˤsˤiyya	xasˤsˤiyyat	feature	CaCCiCCa	CaCCiCCat	sound -at
radyu	radyuwat	radio	CaCCu	CaCCuCat	sound -at
sansur	sansurat	elevator	CaCCuC	CaCCuCat	sound -at
faktura	fakturat	bill	CaCCuCa	CaCCuCat	sound -at
faktura	fakturat	bill	CaCCuCa	CaCCuCat	sound -at
mamərr	mamərrat	passage	CaCəCC	CaCəCCat	sound -at
maʒəlla	maʒəllat	magazine	CaCəCCa	CaCəCCat	sound -at
taħəddi	taħəddiyyat	challenge	CaCəCCi	CaCəCCiCCat	sound -at
tasˤərruf	tasˤərrufat	behaviour	CaCəCCuC	CaCəCCuCat	sound -at
taxəsˤsˤusˤ	taxəsˤsˤusˤat	specialization	CaCəCCuC	CaCəCCuCat	sound -at
tasəlsul	tasəlsulat	sequence	CaCəCCuC	CaCəCCuCat	sound -at
taʒəmmuʕ	taʒəmmuʕat	gathering	CaCəCCuC	CaCəCCuCat	sound -at
taʕəssuf	taʕəssufat	abuse	CaCəCCuC	CaCəCCuCat	sound -at
makiyaʒ	makiyaʒat	makeup	CaCiCaC	CaCiCaCat	sound -at
kabina	kabinat	toilet	CaCiCa	CaCiCat	sound -at
makina	makinat	machine	CaCiCa	CaCiCat	sound -at
malika	malikat	queen	CaCiCa	CaCiCat	sound -at
masira	masirat	march	CaCiCa	CaCiCat	sound -at
ʃarika	ʃarikat	company	CaCiCa	CaCiCat	sound -at
walida	walidat	mum	CaCiCa	CaCiCat	sound -at
xatˤiba	xatˤibat	fiancee	CaCiCa	CaCiCat	sound -at
ʒamiʕa	ʒamiʕat	university	CaCiCa	CaCiCat	sound -at
ʔanisa	ʔanisat	miss	CaCiCa	CaCiCat	sound -at
ʕaridˤa	ʕaridˤat	petition	CaCiCa	CaCiCat	sound -at
ʕaʔila	ʕaʔilat	family	CaCiCa	CaCiCat	sound -at
kasitˤa	kasitˤat	tape	CaCiCa	CaCiCat	sound -at
tˤagiya	tˤagiyat	skullcap	CaCiCa	CaCiCat	sound -at
ʒamiʕa	ʒamiʕat	university	CaCiCa	CaCiCat	sound -at
tˤawila	tˤawilat	bench	CaCiCa	CaCiCat	sound -at
ʕaʔila	ʕaʔilat	family	CaCiCa	CaCiCat	sound -at
ʃarika	ʃarikat	company	CaCiCa	CaCiCat	sound -at
bakiyya	bakiyyat	package	CaCiCCa	CaCiCCat	sound -at
natˤiq	natˤiqin	speaker	CaCiC	CaCiCin	sound -at
kamiu	kamiunat	truck	CaCiu	CaCiuCat	sound -at
batˤu	batˤuwat	ship	CaCu	CaCuCat	sound -at
kadˤu	kadˤuwat	gift	CaCu	CaCuCat	sound -at
batˤu	batˤuwat	ship	CaCu	CaCuCat	sound -at
sˤalun	sˤalunat	gallery	CaCuC	CaCuCat	sound -at
sˤabuna	sˤabunat	soap	CaCuCa	CaCuCat	sound -at
namusa	namusat	mosquito	CaCuCa	CaCuCat	sound -at
dˤarura	dˤaruriyat	necessity	CaCuCa	CaCuCiCat	sound -at
namusiyya	namusiyyat	bed	CaCuCiCCa	CaCuCiCCat	sound -at
tanəffus	tanəffusat	breathing	CaCəCCuC	CanəCCuCat	sound -at
tatˤəwwur	tatˤəwwurat	development	CaCəCCuC	CaTəCCuCat	sound -at
tatˤəwwur	tatˤəwwurat	evolution	CaCəCCuC	CaTəCCuCat	sound -at
grafatˤa	grafatˤat	tie	CCaCaCa	CCaCaCat	sound -at
ʕayla	ʕyalat	women	CaCCa	CCaCat	sound -at
hwa	hwayat	air	CCa	CCaCat	sound -at
kra	krawat	rent	CCa	CCaCat	sound -at
mra	mrawat	woman	CCa	CCaCat	sound -at
ʁda	ʁdawat	lunch	CCa	CCaCat	sound -at
ʁtˤa	ʁtˤawat	coverage	CCa	CCaCat	sound -at
ʕʃa	ʕʃawat	dinner	CCa	CCaCat	sound -at
ʃta	ʃtawat	rain	CCa	CCaCat	sound -at
ʁda	ʁdawat	lunch	CCa	CCaCat	sound -at
ʕʃa	ʕʃawat	dinner	CCa	CCaCat	sound -at
dwa	dwayat	medication	CCa	CCaCat	sound -at
sˤla	sˤlawat	pray	CCa	CCaCat	sound -at
fran	franat	brake	CCaC	CCaCat	sound -at
nhar	nharat	day	CCaC	CCaCat	sound -at
qyas	qyasat	size	CCaC	CCaCat	sound -at
sˤbaħ	sˤbaħat	morning	CCaC	CCaCat	sound -at
sˤdˤaʕ	sˤdˤaʕat	noise	CCaC	CCaCat	sound -at
tran	tranat	train	CCaC	CCaCat	sound -at
ʕbar	ʕbarat	measure	CCaC	CCaCat	sound -at
blan	blanat	plan	CCaC	CCaCat	sound -at
ħsab	ħsabat	count	CCaC	CCaCat	sound -at
sˤdaʕ	sˤdaʕat	ache	CCaC	CCaCat	sound -at
lsan	lsanat	tongue	CCaC	CCaCat	sound -at
byasa	byasat	piece	CCaCa	CCaCat	sound -at
mlaya	mlayat	blanket	CCaCa	CCaCat	sound -at
mraya	mrayat	mirror	CCaCa	CCaCat	sound -at
pyasa	pyasat	piece	CCaCa	CCaCat	sound -at
wlada	wladat	birth	CCaCa	CCaCat	sound -at
zyada	zyadat	increase	CCaCa	CCaCat	sound -at
ʒmaʕa	ʒmaʕat	crowd	CCaCa	CCaCat	sound -at
dʒaʒa	dʒaʒat	chicken	CCaCa	CCaCat	sound -at
ʁzala	ʁzalat	gazelle	CCaCa	CCaCat	sound -at
ħmama	ħmamat	pigeon	CCaCa	CCaCat	sound -at
nʕama	nʕamat	ostrich	CCaCa	CCaCat	sound -at
ʒrana	ʒranat	frog	CCaCa	CCaCat	sound -at
ʁzala	ʁzalat	deer	CCaCa	CCaCat	sound -at
ħsana	ħsanat	haircut	CCaCa	CCaCat	sound -at
hrawa	hrawat	baton	CCaCa	CCaCat	sound -at
dəmm	dmayat	blood	CəCC	CCaCat	sound -at
ħəbs	ħbasat	prison	CəCC	CCaCat	sound -at
ʕərs	ʕrasat	wedding	CəCC	CCaCat	sound -at
ʔuxt	xwatat	sister	CuCC	CCaCat	sound -at
mdabza	mdabzat	fight	CCaCCa	CCaCCat	sound -at
mdˤarba	mdˤarbat	fight	CCaCCa	CCaCCat	sound -at
mtˤayfa	mtˤayfat	fight	CCaCCa	CCaCCat	sound -at
mʕawda	mʕawdat	repetition	CCaCCa	CCaCCat	sound -at
plastika	plastikat	plastic bag	CCaCCiCa	CCaCCiCat	sound -at
stafit	stafitat	van	CCaCiC	CCaCiCat	sound -at
tˤwalitˤ	tˤwalitˤat	toilet	CCaCiC	CCaCiCat	sound -at
qəntˤra	qnatˤər	bridge	CəCCCa	CCaTəC	sound -at
mədˤrasˤa	mdˤrasˤat	school	CəCCaCa	CCCaCat	sound -at
stratiʒiyya	stratiʒiyyat	strategy	CCCaCiCiCCa	CCCaCiCiCCat	sound -at
trəbya	trəbyat	baby	CCəCCa	CCəCCat	sound -at
tħəmħima	tħəmħimat	shower	CCəCCiCa	CCəCCiCat	sound -at
tsərkila	tsərkilat	a walk	CCəCCiCa	CCəCCiCat	sound -at
ħtiyal	ħtiyalat	fraud	CCiCaC	CCiCaCat	sound -at
ħtiyaʒ	ħtiyaʒat	need	CCiCaC	CCiCaCat	sound -at
ħtimal	ħtimalat	probability	CCiCaC	CCiCaCat	sound -at
htimam	htimamat	concern	CCiCaC	CCiCaCat	sound -at
ħtiram	ħtiramat	respect	CCiCaC	CCiCaCat	sound -at
ktiʃaf	ktiʃafat	discovery	CCiCaC	CCiCaCat	sound -at
ltizam	ltizamat	commitment	CCiCaC	CCiCaCat	sound -at
nfiʒar	nfiʒarat	explosion	CCiCaC	CCiCaCat	sound -at
nqilab	nqilabat	coup	CCiCaC	CCiCaCat	sound -at
ntˤibaʕ	ntˤibaʕat	impression	CCiCaC	CCiCaCat	sound -at
ntiqal	ntiqalat	transfer	CCiCaC	CCiCaCat	sound -at
ntisˤar	ntisˤarat	victory	CCiCaC	CCiCaCat	sound -at
qtiraħ	qtiraħat	suggestion	CCiCaC	CCiCaCat	sound -at
qtisˤad	qtisˤadat	economy	CCiCaC	CCiCaCat	sound -at
rtifaʕ	rtifaʕat	height	CCiCaC	CCiCaCat	sound -at
ʁtisˤab	ʁtisˤabat	rape	CCiCaC	CCiCaCat	sound -at
sbitˤar	sbitˤarat	hospital	CCiCaC	CCiCaCat	sound -at
ttiħad	ttiħadat	union	CCiCaC	CCiCaCat	sound -at
ttiyah	ttiyahat	direction	CCiCaC	CCiCaCat	sound -at
ttisˤal	ttisˤalat	connection	CCiCaC	CCiCaCat	sound -at
xtibar	xtibarat	test	CCiCaC	CCiCaCat	sound -at
xtiyar	xtiyarat	choice	CCiCaC	CCiCaCat	sound -at
ʒtimaʕ	ʒtimaʕat	meeting	CCiCaC	CCiCaCat	sound -at
ʕtibar	ʕtibarat	consideration	CCiCaC	CCiCaCat	sound -at
ʕtiqad	ʕtiqadat	belief	CCiCaC	CCiCaCat	sound -at
ʕtiqal	ʕtiqalat	arrest	CCiCaC	CCiCaCat	sound -at
ʕtiraf	ʕtirafat	confession	CCiCaC	CCiCaCat	sound -at
nsiʒam	nsiʒamat	harmony	CCiCaC	CCiCaCat	sound -at
qtisˤad	qtisˤadat	economy	CCiCaC	CCiCaCat	sound -at
ttiħad	ttiħadat	union	CCiCaC	CCiCaCat	sound -at
ħtiyatˤ	ħtiyatˤat	reserve	CCiCaC	CCiCaCat	sound -at
mtiħan	mtiħanat	exam	CCiCaC	CCiCaCat	sound -at
sbitˤar	sbitˤarat	hospital	CCiCaC	CCiCaCat	sound -at
ltihab	ltihabat	inflammation	CCiCaC	CCiCaCat	sound -at
stiraħa	stiraħat	break	CCiCaCa	CCiCaCat	sound -at
stiʃara	stiʃarat	consultation	CCiCaCa	CCiCaCat	sound -at
ttifaq	ttifaqiyat	agreement	CCiCaC	CCiCaCiCat	sound -at
stil	stilat	style	CCiC	CCiCat	sound -at
slip	slipat	underpants	CCiC	CCiCat	sound -at
dʒin	dʒinat	jeans	CCiC	CCiCat	sound -at
brika	brikat	lighter	CCiCa	CCiCat	sound -at
kniya	kniyat	last name	CCiCa	CCiCat	sound -at
rwina	rwinat	mess	CCiCa	CCiCat	sound -at
smiya	smiyat	first name	CCiCa	CCiCat	sound -at
tˤlila	tˤlilat	look	CCiCa	CCiCat	sound -at
ʕʃiya	ʕʃiyat	evening	CCiCa	CCiCat	sound -at
stitˤlaʕ	stitˤlaʕat	survey	CCiCCaC	CCiCCaCat	sound -at
stitmar	stitmarat	investment	CCiCCaC	CCiCCaCat	sound -at
stiʕmal	stiʕmalat	use	CCiCCaC	CCiCCaCat	sound -at
stitmar	stitmarat	investment	CCiCCaC	CCiCCaCat	sound -at
smiyya	smiyyat	name	CCiCCa	CCiCCat	sound -at
ʕʃiyya	ʕʃiyyat	afternoon	CCiCCa	CCiCCat	sound -at
qniyya	qniyyat	rabbit	CCiCCa	CCiCCat	sound -at
trikku	trikkuwat	sweater	CCiCCu	CCiCCuCat	sound -at
kridi	kridiyat	credit	CCiCi	CCiCiCat	sound -at
kridi	kridiyat	debt	CCiCi	CCiCiCat	sound -at
kridi	kridiyyat	credit	CCiCi	CCiCiCCat	sound -at
stilu	stiluwat	pen	CCiCu	CCiCuCat	sound -at
ʕrusˤa	ʕrusˤat	bride	CCuCa	CCuCat	sound -at
sˤihd	shudˤat	heat	CiCC	CCuCat	sound -at
prudwi	prudwiyat	product	CCuCCi	CCuCCiCat	sound -at
prudwi	prudwiyyat	product	CCuCCi	CCuCCiCCat	sound -at
ʕrubiyya	ʕrubiyyat	countryside	CCuCiCCa	CCuCiCCat	sound -at
ħəmmam	ħəmmamat	bath	CəCCaC	CəCCaCat	sound -at
ʃəllal	ʃəllalat	waterfall	CəCCaC	CəCCaCat	sound -at
dəbbaba	dəbbabat	tank	CəCCaCa	CəCCaCat	sound -at
fəlsafa	fəlsafat	philosophy	CəCCaCa	CəCCaCat	sound -at
məktaba	məktabat	library	CəCCaCa	CəCCaCat	sound -at
məmlaka	məmlakat	kingdom	CəCCaCa	CəCCaCat	sound -at
mətˤħana	mətˤħanat	mill	CəCCaCa	CəCCaCat	sound -at
qərtˤasˤa	qərtˤasˤat	bullet	CəCCaCa	CəCCaCat	sound -at
ʃətˤtˤaba	ʃətˤtˤabat	broom	CəCCaCa	CəCCaCat	sound -at
təllaʒa	təllaʒat	fridge	CəCCaCa	CəCCaCat	sound -at
tˤərʒama	tˤərʒamat	interpretation	CəCCaCa	CəCCaCat	sound -at
dəbbana	dəbbanat	fly	CəCCaCa	CəCCaCat	sound -at
ʒəllaba	ʒəllabat	jellaba	CəCCaCa	CəCCaCat	sound -at
fəlsafa	fəlsafat	philosophy	CəCCaCa	CəCCaCat	sound -at
dərraʕiya	dərraʕiyat	drraia	CəCCaCiCa	CəCCaCiCat	sound -at
məsraħiyya	məsraħiyyat	play	CəCCaCiCCa	CəCCaCiCCat	sound -at
wərda	wərdat	rose	CəCCa	CəCCat	sound -at
dəħka	dəħkat	smile	CəCCa	CəCCat	sound -at
dəxla	dəxlat	entry	CəCCa	CəCCat	sound -at
ħəfla	ħəflat	party	CəCCa	CəCCat	sound -at
ħəlma	ħəlmat	dream	CəCCa	CəCCat	sound -at
ħəmla	ħəmlat	campaign	CəCCa	CəCCat	sound -at
ħəʒra	ħəʒrat	stone	CəCCa	CəCCat	sound -at
kəlma	kəlmat	word	CəCCa	CəCCat	sound -at
ləħda	ləħdat	moment	CəCCa	CəCCat	sound -at
ləhʒa	ləhʒat	accent	CəCCa	CəCCat	sound -at
ləmsa	ləmsat	touch	CəCCa	CəCCat	sound -at
ləʒna	ləʒnat	committee	CəCCa	CəCCat	sound -at
mərsˤa	mərsˤat	port	CəCCa	CəCCat	sound -at
məʃya	məʃyat	walk	CəCCa	CəCCat	sound -at
ʁəltˤa	ʁəltˤat	error	CəCCa	CəCCat	sound -at
sˤədˤma	sˤədˤmat	shock	CəCCa	CəCCat	sound -at
sˤəfħa	sˤəfħat	page	CəCCa	CəCCat	sound -at
sˤəfqa	sˤəfqat	deal	CəCCa	CəCCat	sound -at
səkka	səkkat	railway	CəCCa	CəCCat	sound -at
ʃəmʕa	ʃəmʕat	candle	CəCCa	CəCCat	sound -at
ʃəʒra	ʃəʒrat	tree	CəCCa	CəCCat	sound -at
wəħda	wəħdat	unit	CəCCa	CəCCat	sound -at
wəʒba	wəʒbat	meal	CəCCa	CəCCat	sound -at
xəlʕa	xəlʕat	panic	CəCCa	CəCCat	sound -at
xətˤwa	xətˤwat	step	CəCCa	CəCCat	sound -at
ʒəlsa	ʒəlsat	session	CəCCa	CəCCat	sound -at
ʒərya	ʒəryat	run	CəCCa	CəCCat	sound -at
ʒəwla	ʒəwlat	round	CəCCa	CəCCat	sound -at
ʕədˤdˤa	ʕədˤdˤat	bite	CəCCa	CəCCat	sound -at
məʕza	məʕzat	goat	CəCCa	CəCCat	sound -at
bəgra	bəgrat	cow	CəCCa	CəCCat	sound -at
bətˤtˤa	bətˤtˤat	duck	CəCCa	CəCCat	sound -at
ʃətˤħa	ʃətˤħat	dance	CəCCa	CəCCat	sound -at
ʃəmʕa	ʃəmʕat	candle	CəCCa	CəCCat	sound -at
ʃəʒra	ʃəʒrat	tree	CəCCa	CəCCat	sound -at
rəʕdˤa	rəʕdˤat	thunder	CəCCa	CəCCat	sound -at
xəʃba	xəʃbat	piece of wood	CəCCa	CəCCat	sound -at
ħəʒra	ħəʒrat	stone	CəCCa	CəCCat	sound -at
ʒədda	ʒəddat	grandmother	CəCCa	CəCCat	sound -at
məska	məskat	chewing gum	CəCCa	CəCCat	sound -at
ʁərza	ʁərzat	stitch	CəCCa	CəCCat	sound -at
ʕətˤsa	ʕətˤsat	sneeze	CəCCa	CəCCat	sound -at
kəbda	kəbdat	liver	CəCCa	CəCCat	sound -at
məʕda	məʕdat	stomach	CəCCa	CəCCat	sound -at
ʒəbha	ʒəbhat	forehead	CəCCa	CəCCat	sound -at
ʃəʒra	ʃəʒrat	tree	CəCCa	CəCCat	sound -at
həʒʒa	həʒʒat	pilgrimage	CəCCa	CəCCat	sound -at
ħəfla	ħəflat	party	CəCCa	CəCCat	sound -at
gəntˤra	gəntˤrat	bridge	CəCCCa	CəCCCat	sound -at
pərtma	pərtmat	apartment	CəCCCa	CəCCCat	sound -at
pərtˤma	pərtˤmat	flat	CəCCCa	CəCCCat	sound -at
fərmliya	fərmliyat	nurse	CəCCCiCa	CəCCCiCat	sound -at
təsˤmim	təsˤmimat	design	CəCCiC	CəCCiCat	sound -at
tədrib	tədribat	practice	CəCCiC	CəCCiCat	sound -at
təfsir	təfsirat	explanation	CəCCiC	CəCCiCat	sound -at
təhdid	təhdidat	threat	CəCCiC	CəCCiCat	sound -at
təħlil	təħlilat	analysis	CəCCiC	CəCCiCat	sound -at
təħqiq	təħqiqat	investigation	CəCCiC	CəCCiCat	sound -at
təħqiq	təħqiqat	inquiry	CəCCiC	CəCCiCat	sound -at
təħsin	təħsinat	improvement	CəCCiC	CəCCiCat	sound -at
təkwin	təkwinat	formation	CəCCiC	CəCCiCat	sound -at
təmyiz	təmyizat	discrimination	CəCCiC	CəCCiCat	sound -at
təqdir	təqdirat	assessment	CəCCiC	CəCCiCat	sound -at
təʁyir	təʁyirat	change	CəCCiC	CəCCiCat	sound -at
tərtib	tərtibat	order	CəCCiC	CəCCiCat	sound -at
təsˤriħ	təsˤriħat	statement	CəCCiC	CəCCiCat	sound -at
təʃriʕ	təʃriʕat	legislation	CəCCiC	CəCCiCat	sound -at
təsʒil	təsʒilat	record	CəCCiC	CəCCiCat	sound -at
tətˤbiq	tətˤbiqat	application	CəCCiC	CəCCiCat	sound -at
təxfidˤ	təxfidˤat	sale	CəCCiC	CəCCiCat	sound -at
təʕliq	təʕliqat	comment	CəCCiC	CəCCiCat	sound -at
təʕrif	təʕrifat	definition	CəCCiC	CəCCiCat	sound -at
təʔtir	təʔtirat	influence	CəCCiC	CəCCiCat	sound -at
təʔwil	təʔwilat	interpretation	CəCCiC	CəCCiCat	sound -at
təsˤfiq	təsˤfiqat	applause	CəCCiC	CəCCiCat	sound -at
təħlil	təħlilat	analysis	CəCCiC	CəCCiCat	sound -at
qəzziba	qəzzibat	tail	CəCCiCa	CəCCiCat	sound -at
səyyida	səyyidat	lady	CəCCiCa	CəCCiCat	sound -at
təxlitˤa	təxlitˤat	combination	CəCCiCa	CəCCiCat	sound -at
ʕərbiya	ʕərbiyat	arabic	CəCCiCa	CəCCiCat	sound -at
sərdina	sərdinat	sardine	CəCCiCa	CəCCiCat	sound -at
tˤənʒiya	tˤənʒiyat	Tanjia	CəCCiCa	CəCCiCat	sound -at
bəstˤila	bəstˤilat	bastila	CəCCiCa	CəCCiCat	sound -at
dəwri	dəwriyyat	league	CəCCi	CəCCiCCat	sound -at
ʃəxsˤiyya	ʃəxsˤiyyat	character	CəCCiCCa	CəCCiCCat	sound -at
xəlfiyya	xəlfiyyat	background	CəCCiCCa	CəCCiCCat	sound -at
ʒəmʕiyya	ʒəmʕiyyat	association	CəCCiCCa	CəCCiCCat	sound -at
ʕəqliyya	ʕəqliyyat	mentality	CəCCiCCa	CəCCiCCat	sound -at
məʃrub	məʃrubat	drink	CəCCuC	CəCCuCat	sound -at
məwdˤuʕ	məwdˤuʕat	object	CəCCuC	CəCCuCat	sound -at
məlħudˤa	məlħudˤat	note	CəCCuCa	CəCCuCat	sound -at
sˤəbbura	sˤəbburat	blackboard	CəCCuCa	CəCCuCat	sound -at
məntuʒ	məntuʒat	product	CəCCuC	CəCCuCat	sound -at
məʒhud	məʒhudat	effort	CəCCuC	CəCCuCat	sound -at
məntuʒ	məntuʒat	product	CəCCuC	CəCCuCat	sound -at
məʒmuʕa	məʒmuʕat	group	CəCCuCa	CəCCuCat	sound -at
məʕluma	məʕlumat	information	CəCCuCa	CəCCuCat	sound -at
ʒəmhuriya	ʒəmhuriyat	republic	CəCCuCiCa	CəCCuCiCat	sound -at
məsʔuliyya	məsʔuliyyat	responsibility	CəCCuCiCCa	CəCCuCiCCat	sound -at
məsʔuliyya	məsʔuliyyat	liability	CəCCuCiCCa	CəCCuCiCCat	sound -at
misˤaʒ	misˤaʒat	message	CiCaC	CiCaCat	sound -at
difaʕ	difaʕat	defence	CiCaC	CiCaCat	sound -at
liqaħ	liqaħat	vaccine	CiCaC	CiCaCat	sound -at
niqaʃ	niqaʃat	discussion	CiCaC	CiCaCat	sound -at
ʁiyab	ʁiyabat	absence	CiCaC	CiCaCat	sound -at
siyaq	siyaqat	context	CiCaC	CiCaCat	sound -at
sˤiraʕ	sˤiraʕat	conflict	CiCaC	CiCaCat	sound -at
ʃiʕar	ʃiʕarat	slogan	CiCaC	CiCaCat	sound -at
tiran	tiranat	field	CiCaC	CiCaCat	sound -at
vilaʒ	vilaʒat	village	CiCaC	CiCaCat	sound -at
xitˤab	xitˤabat	speech	CiCaC	CiCaCat	sound -at
ʕilaʒ	ʕilaʒat	treatment	CiCaC	CiCaCat	sound -at
ʔitˤaʒ	ʔitˤaʒat	floor	CiCaC	CiCaCat	sound -at
ʔiqaʕ	ʔiqaʕat	rhythm	CiCaC	CiCaCat	sound -at
niqaʃ	niqaʃat	discussion	CiCaC	CiCaCat	sound -at
ʁiyab	ʁiyabat	absence	CiCaC	CiCaCat	sound -at
tiran	tiranat	stadium	CiCaC	CiCaCat	sound -at
sibaq	sibaqat	race	CiCaC	CiCaCat	sound -at
ziraʕa	ziraʕat	agriculture	CiCaCa	CiCaCat	sound -at
bidaya	bidayat	start	CiCaCa	CiCaCat	sound -at
binaya	binayat	structure	CiCaCa	CiCaCat	sound -at
bitˤaqa	bitˤaqat	card	CiCaCa	CiCaCat	sound -at
misaħa	misaħat	space	CiCaCa	CiCaCat	sound -at
nihaya	nihayat	end	CiCaCa	CiCaCat	sound -at
pikala	pikalat	bicycle	CiCaCa	CiCaCat	sound -at
qiyada	qiyadat	leadership	CiCaCa	CiCaCat	sound -at
riyadˤa	riyadˤat	sport	CiCaCa	CiCaCat	sound -at
siyada	siyadat	sovereignty	CiCaCa	CiCaCat	sound -at
siyasa	siyasat	politics	CiCaCa	CiCaCat	sound -at
ʃikaya	ʃikayat	complaint	CiCaCa	CiCaCat	sound -at
simana	simanat	week	CiCaCa	CiCaCat	sound -at
sˤinaʕa	sˤinaʕat	industry	CiCaCa	CiCaCat	sound -at
wizara	wizarat	ministry	CiCaCa	CiCaCat	sound -at
xizana	xizanat	cabinet	CiCaCa	CiCaCat	sound -at
ʔibada	ʔibadat	genocide	CiCaCa	CiCaCat	sound -at
ʔidˤara	ʔidˤarat	management	CiCaCa	CiCaCat	sound -at
ʔidaʕa	ʔidaʕat	channel	CiCaCa	CiCaCat	sound -at
ʕiyada	ʕiyadat	cabinet	CiCaCa	CiCaCat	sound -at
ʕimara	ʕimarat	building	CiCaCa	CiCaCat	sound -at
ʔisˤaba	ʔisˤabat	injury	CiCaCa	CiCaCat	sound -at
ʔiʃara	ʔiʃarat	sign	CiCaCa	CiCaCat	sound -at
ʔisaʔa	ʔisaʔat	abuse	CiCaCa	CiCaCat	sound -at
ziyara	ziyarat	visit	CiCaCa	CiCaCat	sound -at
riwaya	riwayat	novel	CiCaCa	CiCaCat	sound -at
piʒama	piʒamat	pajamas	CiCaCa	CiCaCat	sound -at
tiʒara	tiʒarat	commerce	CiCaCa	CiCaCat	sound -at
sˤinaʕa	sˤinaʕat	industry	CiCaCa	CiCaCat	sound -at
ziraʕa	ziraʕat	agriculture	CiCaCa	CiCaCat	sound -at
riyadˤa	riyadˤat	sport	CiCaCa	CiCaCat	sound -at
ʔidara	ʔidarat	administration	CiCaCa	CiCaCat	sound -at
riyadˤa	riyadˤat	sport	CiCaCa	CiCaCat	sound -at
hiwaya	hiwayat	hobby	CiCaCa	CiCaCat	sound -at
simana	simanat	week	CiCaCa	CiCaCat	sound -at
dizayn	dizaynat	design	CiCaCC	CiCaCCat	sound -at
wikand	wikandat	weekend	CiCaCC	CiCaCCat	sound -at
mizaniya	mizaniyat	budget	CiCaCiCa	CiCaCiCat	sound -at
mikanisyan	mikanisyanat	mechanic	CiCaCiCCaC	CiCaCiCCaCat	sound -at
mizaniyya	mizaniyyat	budget	CiCaCiCCa	CiCaCiCCat	sound -at
mika	mikat	plastic bag	CiCa	CiCat	sound -at
miza	mizat	feature	CiCa	CiCat	sound -at
tˤiħa	tˤiħat	fall	CiCa	CiCat	sound -at
riʃa	riʃat	feather	CiCa	CiCat	sound -at
ʃita	ʃitat	brush	CiCa	CiCat	sound -at
liga	ligat	gloves	CiCa	CiCat	sound -at
bidˤa	bidˤat	egg	CiCa	CiCat	sound -at
kika	kikat	cake	CiCa	CiCat	sound -at
liga	ligat	gloves	CiCa	CiCat	sound -at
lila	lilat	night	CiCa	CiCat	sound -at
birlaman	birlamanat	parliament	CiCCaCaC	CiCCaCaCat	sound -at
mihraʒan	mihraʒanat	festival	CiCCaCaC	CiCCaCaCat	sound -at
sinyal	sinyalat	signal	CiCCaC	CiCCaCat	sound -at
ʔidˤrab	ʔidˤrabat	strike	CiCCaC	CiCCaCat	sound -at
ʔisˤlaħ	ʔisˤlaħat	reform	CiCCaC	CiCCaCat	sound -at
ʔiʒraʔ	ʔiʒraʔat	procedure	CiCCaC	CiCCaCat	sound -at
ʔiʕdam	ʔiʕdamat	death penalty	CiCCaC	CiCCaCat	sound -at
ʔiʕlan	ʔiʕlanat	declaration	CiCCaC	CiCCaCat	sound -at
ʔibdaʕ	ʔibdaʕat	creativity	CiCCaC	CiCCaCat	sound -at
ʔisˤlaħ	ʔisˤlaħat	reform	CiCCaC	CiCCaCat	sound -at
ʔiʕsˤar	ʔiʕsˤarat	hurricane	CiCCaC	CiCCaCat	sound -at
miħfadˤa	miħfadˤat	bag	CiCCaCa	CiCCaCat	sound -at
zinzana	zinzanat	cell	CiCCaCa	CiCCaCat	sound -at
mistˤara	mistˤarat	ruler	CiCCaCa	CiCCaCat	sound -at
ʔimkaniyya	ʔimkaniyyat	possibility	CiCCaCiCCa	CiCCaCiCCat	sound -at
firma	firmat	farm	CiCCa	CiCCat	sound -at
xibra	xibrat	expertise	CiCCa	CiCCat	sound -at
birra	birrat	beer	CiCCa	CiCCat	sound -at
riyya	riyyat	lung	CiCCa	CiCCat	sound -at
ʔimbratˤuriyya	ʔimbratˤuriyyat	empire	CiCCCaCuCiCCa	CiCCCaCuCiCCat	sound -at
ʔiqtiraħ	ʔiqtiraħat	proposal	CiCCiCaC	CiCCiCaCat	sound -at
pissi	pissiyat	computer	CiCCi	CiCCiCat	sound -at
tiʃdid	tiʃdidat	emphasis	CiCCiC	CiCCiCat	sound -at
pirmi	pirmiyat	driver s license	CiCCi	CiCCiCat	sound -at
pisri	pisriyyat	bakery	CiCCi	CiCCiCCat	sound -at
kimmiyya	kimmiyyat	quantity	CiCCiCCa	CiCCiCCat	sound -at
milkiyya	milkiyyat	estate	CiCCiCCa	CiCCiCCat	sound -at
tiqniyya	tiqniyyat	technique	CiCCiCCa	CiCCiCCat	sound -at
tiqniyya	tiqniyyat	technique	CiCCiCCa	CiCCiCCat	sound -at
sikritira	sikritirat	secretary	CiCCiCiCa	CiCCiCiCat	sound -at
sikritira	sikritirat	assistant	CiCCiCiCa	CiCCiCiCat	sound -at
diplum	diplumat	diploma	CiCCuC	CiCCuCat	sound -at
ristˤura	ristˤurat	restaurant	CiCCuCa	CiCCuCat	sound -at
vidyu	vidyuwat	video	CiCCu	CiCCuCat	sound -at
fisbuk	fisbukat	facebook	CiCCuC	CiCCuCat	sound -at
siktur	sikturat	sector	CiCCuC	CiCCuCat	sound -at
tiknuluʒya	tiknuluʒyat	technology	CiCCuCuCCa	CiCCuCuCCat	sound -at
miləff	miləffat	file	CiCəCC	CiCəCCat	sound -at
liziyya	liziyyat	headphones	CiCiCCa	CiCiCCat	sound -at
tilifun	tilifunat	telephone	CiCiCuC	CiCiCuCat	sound -at
tilifun	tilifunat	phone	CiCiCuC	CiCiCuCat	sound -at
tilicumund	tilicumundat	remote control	CiCicuCuCC	CiCicuCuCCat	sound -at
tilikumundˤ	tilikumundˤat	remote control	CiCiCuCuCC	CiCiCuCuCCat	sound -at
biru	biruwat	desk	CiCu	CiCuCat	sound -at
dimuqratˤiyya	dimuqratˤiyyat	democracy	CiCuCCaCiCCa	CiCuCCaCiCCat	sound -at
mubadara	mubadarat	initiative	CuCaCaCa	CuCaCaCat	sound -at
muħadˤara	muħadˤarat	conference	CuCaCaCa	CuCaCaCat	sound -at
muħakama	muħakamat	trial	CuCaCaCa	CuCaCaCat	sound -at
muqarana	muqaranat	comparison	CuCaCaCa	CuCaCaCat	sound -at
muqawala	muqawalat	enterprise	CuCaCaCa	CuCaCaCat	sound -at
muraʒaʕa	muraʒaʕat	review	CuCaCaCa	CuCaCaCat	sound -at
musˤabaqa	musˤabaqat	competition	CuCaCaCa	CuCaCaCat	sound -at
mutˤalaba	mutˤalabat	claim	CuCaCaCa	CuCaCaCat	sound -at
muʕaradˤa	muʕaradˤat	opposition	CuCaCaCa	CuCaCaCat	sound -at
muqawala	muqawalat	enterprise	CuCaCaCa	CuCaCaCat	sound -at
muʕadala	muʕadalat	equation	CuCaCaCa	CuCaCaCat	sound -at
munasaba	munasabat	occasion	CuCaCaCa	CuCaCaCat	sound -at
mufaʒaʔa	mufaʒaʔat	surprise	CuCaCaCa	CuCaCaCat	sound -at
muħadata	muħadatat	conversation	CuCaCaCa	CuCaCaCat	sound -at
muħawala	muħawalat	attempt	CuCaCaCa	CuCaCaCat	sound -at
mukalama	mukalamat	call	CuCaCaCa	CuCaCaCat	sound -at
muqatˤaʕa	muqatˤaʕat	county	CuCaCaCa	CuCaCaCat	sound -at
musˤalaħa	musˤalaħat	conciliation	CuCaCaCa	CuCaCaCat	sound -at
muʃaraka	muʃarakat	contribution	CuCaCaCa	CuCaCaCat	sound -at
musaʕada	musaʕadat	help	CuCaCaCa	CuCaCaCat	sound -at
muwafaqa	muwafaqat	approval	CuCaCaCa	CuCaCaCat	sound -at
muʕahada	muʕahadat	treaty	CuCaCaCa	CuCaCaCat	sound -at
muʕamala	muʕamalat	treatment	CuCaCaCa	CuCaCaCat	sound -at
suʔal	suʔalat	question	CuCaC	CuCaCat	sound -at
munadˤdˤama	munadˤdˤamat	organisation	CuCaCCaCa	CuCaCCaCat	sound -at
buħayra	buħayrat	lake	CuCaCCa	CuCaCCat	sound -at
ʒunayh	ʒunayhat	pound	CuCaCC	CuCaCCat	sound -at
muwatˤin	muwatˤinin	citizen	CuCaCiC	CuCaCiCin	sound -at
qadˤi	qudˤat	judge	CaCi	CuCat	sound -at
kud	kudat	code	CuC	CuCat	sound -at
bˤuLa	bˤuLat	lamp	CuCa	CuCat	sound -at
dˤura	dˤurat	turn	CuCa	CuCat	sound -at
kura	kurat	ball	CuCa	CuCat	sound -at
nutˤa	nutˤat	note	CuCa	CuCat	sound -at
luʁa	luʁat	language	CuCa	CuCat	sound -at
kura	kurat	soccer ball	CuCa	CuCat	sound -at
ħuma	ħumat	neighborhood	CuCa	CuCat	sound -at
ħuta	ħutat	fish	CuCa	CuCat	sound -at
luʁa	luʁat	language	CuCa	CuCat	sound -at
ʃufa	ʃufat	look	CuCa	CuCat	sound -at
ħuta	ħutat	fish	CuCa	CuCat	sound -at
muka	mukat	owl	CuCa	CuCat	sound -at
duda	dudat	worm	CuCa	CuCat	sound -at
ʃuka	ʃukat	thorn	CuCa	CuCat	sound -at
musˤtˤalaħ	musˤtˤalaħat	term	CuCCaCaC	CuCCaCaCat	sound -at
muʔtamar	muʔtamarat	congress	CuCCaCaC	CuCCaCaCat	sound -at
muħtawa	muħtawayat	content	CuCCaCa	CuCCaCaCat	sound -at
mustawa	mustawayat	level	CuCCaCa	CuCCaCaCat	sound -at
muʒtamaʕ	muʒtamaʕat	society	CuCCaCaC	CuCCaCaCat	sound -at
ʒurnan	ʒurnanat	newspaper	CuCCaC	CuCCaCat	sound -at
mustawtˤana	mustawtˤanat	settlement	CuCCaCCaCa	CuCCaCCaCat	sound -at
purtabl	purtablat	cell phone	CuCCaCC	CuCCaCCat	sound -at
mustatˤil	mustatˤilat	rectangle	CuCCaCiC	CuCCaCiCat	sound -at
ʃurt	ʃurtat	shorts	CuCC	CuCCat	sound -at
buqʕa	buqʕat	spot	CuCCa	CuCCat	sound -at
busˤtˤa	busˤtˤat	post	CuCCa	CuCCat	sound -at
tˤubba	tˤubbat	rat	CuCCa	CuCCat	sound -at
bursˤa	bursˤat	stock exchange	CuCCa	CuCCat	sound -at
kufra	kufrat	free kick	CuCCa	CuCCat	sound -at
ʃuħna	ʃuħnat	charge	CuCCa	CuCCat	sound -at
sukna	suknat	accommodation	CuCCa	CuCCat	sound -at
ʕumla	ʕumlat	currency	CuCCa	CuCCat	sound -at
fuqma	fuqmat	seal	CuCCa	CuCCat	sound -at
ʕumla	ʕumlat	currency	CuCCa	CuCCat	sound -at
kuntra	kuntrat	contract	CuCCCa	CuCCCat	sound -at
gurmitˤa	gurmitˤat	bracelet	CuCCiCa	CuCCiCat	sound -at
muʕʒiza	muʕʒizat	miracle	CuCCiCa	CuCCiCat	sound -at
kustim	kustimat	suit	CuCCiC	CuCCiCat	sound -at
kulliya	kulliyat	college	CuCCiCa	CuCCiCat	sound -at
muʃkila	muʃkilat	problem	CuCCiCa	CuCCiCat	sound -at
ħurriyya	ħurriyyat	freedom	CuCCiCCa	CuCCiCCat	sound -at
ʔudyu	ʔudyuwat	audio	CuCCu	CuCCuCat	sound -at
murəbbaʕ	murəbbaʕat	square	CuCəCCaC	CuCəCCaCat	sound -at
muxəyyam	muxəyyamat	camp	CuCəCCaC	CuCəCCaCat	sound -at
muxətˤtˤatˤ	muxətˤtˤatˤat	scheme	CuCəCCaC	CuCəCCaCat	sound -at
murəbbaʕ	murəbbaʕat	square	CuCəCCaC	CuCəCCaCat	sound -at
musəlsal	musəlsalat	series	CuCəCCaC	CuCəCCaCat	sound -at
musəlsal	musəlsalat	series	CuCəCCaC	CuCəCCaCat	sound -at
muʔəssasa	muʔəssasat	institution	CuCəCCaCa	CuCəCCaCat	sound -at
muʔəʃʃir	muʔəʃʃirat	index	CuCəCCiC	CuCəCCiCat	sound -at
mudəkkira	mudəkkirat	note	CuCəCCiCa	CuCəCCiCat	sound -at
muqəddima	muqəddimat	introduction	CuCəCCiCa	CuCəCCiCat	sound -at
ʔutˤil	ʔutˤilat	hotel	CuCiC	CuCiCat	sound -at
tˤubis	tˤubisat	bus	CuCiC	CuCiCat	sound -at
tuni	tuniyat	football shirt	CuCi	CuCiCat	sound -at
tuni	tuniyat	shirt	CuCi	CuCiCat	sound -at
sˤunitˤ	sˤunitˤat	bell	CuCiC	CuCiCat	sound -at
huwiya	huwiyat	identity	CuCiCa	CuCiCat	sound -at
kuzina	kuzinat	kitchen	CuCiCa	CuCiCat	sound -at
musiqa	musiqat	music	CuCiCa	CuCiCat	sound -at
kumisyun	kumisyunat	commission	CuCiCCuC	CuCiCCuCat	sound -at
butuna	butunat	button	CuCuCa	CuCuCat	sound -at
sˤuʕuba	sˤuʕubat	difficulty	CuCuCa	CuCuCat	sound -at
butˤula	butˤulat	league	CuCuCa	CuCuCat	sound -at
qudra	qudurat	ability	CuCCa	CuCuCat	sound -at
ħukuma	ħukumat	government	CuCuCa	CuCuCat	sound -at
ʕuquba	ʕuqubat	sanction	CuCuCa	CuCuCat	sound -at
tˤumubila	tˤumubilat	car	CuCuCiCa	CuCuCiCat	sound -at
mutəllat	mutəllatat	triangle	CuCəCCaC	CutəCCaCat	sound -at
iʃhar	iʃharat	advertisement	iCCaC	iCCaCat	sound -at
nəbta	nəbtat	plant	CəCCa	nəCCat	sound -at
nəxla	nəxlat	date palm	CəCCa	nəCCat	sound -at
nəmla	nəmlat	ant	CəCCa	nəCCat	sound -at
nəʕʒa	nəʕʒat	sheep	CəCCa	nəCCat	sound -at
nəħla	nəħlat	bee	CəCCa	nəCCat	sound -at
nəʁma	nəʁmat	tone	CəCCa	nəCCat	sound -at
nəbta	nəbtat	plant	CəCCa	nəCCat	sound -at
nəxla	nəxlat	palm tree	CəCCa	nəCCat	sound -at
ʃamali	ʃamaliyyin	northern	CaCaCi	CaCaCiCCin	sound -in
fadˤaʔi	fadˤaʔiyin	alien	CaCaCi	CaCaCiCin	sound -in
sˤaħafi	sˤaħafiyin	journalist	CaCaCi	CaCaCiCin	sound -in
ʕunwan	ʕanawin	title	CuCCaC	CaCaCin	sound -in
xayn	xaynin	traitor	CaCC	CaCCin	sound -in
baləʁ	balʁin	adult	CaCəC	CaCCin	sound -in
ħamədˤ	ħamdˤin	acid	CaCəC	CaCCin	sound -in
kaməl	kamlin	whole	CaCəC	CaCCin	sound -in
ʔaxur	ʔaxrin	other	CaCuC	CaCCin	sound -in
bariʔ	bariʔin	innocent	CaCiC	CaCiCin	sound -in
laʕib	laʕibin	player	CaCiC	CaCiCin	sound -in
bnadəm	bnadmin	human	CCaCəC	CCaCCin	sound -in
mʃəmməʃ	mʃəmmʃin	sunny	CCəCCəC	CCəCCCin	sound -in
zwin	zwinin	beautiful	CCiC	CCiCin	sound -in
məstaqəll	məstaqəllin	independent	CəCCaCəCC	CəCCaCəCCin	sound -in
məzyan	məzyanin	well	CəCCaC	CəCCaCin	sound -in
xərraz	xərrazin	shoemaker	CəCCaC	CəCCaCin	sound -in
ʃəʕbi	ʃəʕbiyin	popular	CəCCi	CəCCiCin	sound -in
qəhwi	qəhwiyin	brown	CəCCi	CəCCiCin	sound -in
dəhbi	dəhbiyin	gold	CəCCi	CəCCiCin	sound -in
rʒəl	rəʒlin	leg	CCəC	CəCCin	sound -in
sˤfər	sˤəfrin	yellow	CCəC	CəCCin	sound -in
rʒəl	rəʒlin	foot	CCəC	CəCCin	sound -in
wdən	wədnin	ear	CCəC	CəCCin	sound -in
yəd	yəddin	hand	CəC	CəCCin	sound -in
yədd	yəddin	hand	CəCC	CəCCin	sound -in
məʁluq	məʁluqin	dark	CəCCuC	CəCCuCin	sound -in
məftuħ	məftuħin	light	CəCCuC	CəCCuCin	sound -in
riwaʔi	riwaʔiyin	novelist	CiCaCi	CiCaCiCin	sound -in
birlamani	birlamaniyin	deputy	CiCCaCaCi	CiCCaCaCiCin	sound -in
ʕin	ʕinin	eye	CiC	CiCin	sound -in
limuni	limuniyin	orange	CiCuCi	CiCuCiCin	sound -in
murahiq	murahiqin	teenager	CuCaCiC	CuCaCiCin	sound -in
muqawil	muqawilin	entrepreneur	CuCaCiC	CuCaCiCin	sound -in
muhaʒim	muhaʒimin	attacker	CuCaCiC	CuCaCiCin	sound -in
mudafiʕ	mudafiʕin	defender	CuCaCiC	CuCaCiCin	sound -in
muħami	muħamiyin	lawyer	CuCaCi	CuCaCiCin	sound -in
muhaʒir	muhaʒirin	immigrant	CuCaCiC	CuCaCiCin	sound -in
muʁamir	muʁamirin	adventurous	CuCaCiC	CuCaCiCin	sound -in
muttaham	muttahamin	accused	CuCCaCaC	CuCCaCaCin	sound -in
mustaʃar	mustaʃarin	advisor	CuCCaCaC	CuCCaCaCin	sound -in
mustaʃar	mustaʃarin	chancellor	CuCCaCaC	CuCCaCaCin	sound -in
mudnib	mudnibin	guilty	CuCCiC	CuCCiCin	sound -in
muxriʒ	muxriʒin	film director	CuCCiC	CuCCiCin	sound -in
murəʃʃaħ	murəʃʃaħin	candidate	CuCəCCaC	CuCəCCaCin	sound -in
muwədˤdˤaf	muwədˤdˤafin	employee	CuCəCCaC	CuCəCCaCin	sound -in
muʁənni	muʁənniyin	singer	CuCəCCi	CuCəCCiCin	sound -in
musˤəwwir	musˤəwwirin	photographer	CuCəCCiC	CuCəCCiCin	sound -in
muʕəlliq	muʕəlliqin	sports commentator	CuCəCCiC	CuCəCCiCin	sound -in
muməttil	muməttilin	actor	CuCəCCiC	CuCəCCiCin	sound -in
muʔəllif	muʔəllifin	author	CuCəCCiC	CuCəCCiCin	sound -in
muʕəllim	muʕəllimin	teacher	CuCəCCiC	CuCəCCiCin	sound -in
muhəndis	muhəndisin	engineer	CuCəCCiC	CuCəCCiCin	sound -in
mudərrib	mudərribin	coach	CuCəCCiC	CuCəCCiCin	sound -in
bulisi	bulisiyin	cop	CuCiCi	CuCiCiCin	sound -in
quqi	quqiyin	purple	CuCi	CuCiCin	sound -in
mustəhlik	mustəhlikin	consumer	CuCCəCCiC	CuCtəCCiCin	sound -in
